"last_name, first_name","player_id","year","pa","bip","ba","est_ba","est_ba_minus_ba_diff","slg","est_slg","est_slg_minus_slg_diff","woba","est_woba","est_woba_minus_woba_diff"
"Wood, James","695578","2026","454","242",0.279,0.282,-0.002999999999999947,0.575,0.624,-0.049000000000000044,0.416,0.437,-0.02100000000000002
"Ward, Taylor","621493","2026","439","269",0.255,0.253,0.0020000000000000018,0.359,0.381,-0.02200000000000002,0.341,0.348,-0.006999999999999951
"Henderson, Gunnar","683002","2026","439","300",0.224,0.239,-0.014999999999999986,0.403,0.391,0.01200000000000001,0.305,0.308,-0.0030000000000000027
"Bregman, Alex","608324","2026","431","309",0.241,0.238,0.0030000000000000027,0.359,0.356,0.0030000000000000027,0.312,0.31,0.0020000000000000018
"Busch, Michael","683737","2026","424","257",0.239,0.231,0.00799999999999998,0.395,0.412,-0.01699999999999996,0.342,0.345,-0.002999999999999947
"Neto, Zach","687263","2026","423","239",0.235,0.203,0.03199999999999997,0.453,0.41,0.04300000000000004,0.339,0.312,0.027000000000000024
"Herrera, Iván","671056","2026","423","280",0.249,0.248,0.0010000000000000009,0.39,0.383,0.007000000000000006,0.347,0.345,0.0020000000000000018
"Reynolds, Bryan","668804","2026","422","258",0.283,0.259,0.023999999999999966,0.477,0.453,0.023999999999999966,0.385,0.369,0.016000000000000014
"Hoerner, Nico","663538","2026","420","346",0.233,0.284,-0.05099999999999996,0.326,0.36,-0.033999999999999975,0.284,0.318,-0.03400000000000003
"Alvarez, Yordan","670541","2026","420","280",0.318,0.335,-0.017000000000000015,0.633,0.713,-0.07999999999999996,0.439,0.474,-0.034999999999999976
"Alonso, Pete","624413","2026","419","261",0.252,0.27,-0.018000000000000016,0.474,0.513,-0.039000000000000035,0.355,0.376,-0.02100000000000002
"Crow-Armstrong, Pete","691718","2026","418","253",0.291,0.26,0.030999999999999972,0.531,0.474,0.05700000000000005,0.395,0.364,0.031000000000000028
"Olson, Matt","621566","2026","416","275",0.267,0.252,0.015000000000000013,0.534,0.512,0.02200000000000002,0.371,0.358,0.013000000000000012
"Turang, Brice","668930","2026","416","259",0.266,0.256,0.010000000000000009,0.465,0.446,0.019000000000000017,0.358,0.348,0.010000000000000009
"Tatis Jr., Fernando","665487","2026","416","291",0.277,0.28,-0.0030000000000000027,0.374,0.42,-0.045999999999999985,0.316,0.343,-0.027000000000000024
"Turner, Trea","607208","2026","415","296",0.236,0.241,-0.0050000000000000044,0.355,0.364,-0.009000000000000008,0.283,0.29,-0.007000000000000006
"Schwarber, Kyle","656941","2026","414","207",0.254,0.246,0.008000000000000007,0.56,0.523,0.03700000000000003,0.395,0.378,0.017000000000000015
"Stewart, Sal","701398","2026","414","280",0.256,0.25,0.006000000000000005,0.474,0.472,0.0020000000000000018,0.349,0.352,-0.0030000000000000027
"Bichette, Bo","666182","2026","413","313",0.255,0.285,-0.02999999999999997,0.376,0.428,-0.05199999999999999,0.297,0.33,-0.03300000000000003
"McGonigle, Kevin","805808","2026","413","294",0.283,0.271,0.011999999999999955,0.42,0.445,-0.025000000000000022,0.364,0.366,-0.0020000000000000018
"Kurtz, Nick","701762","2026","412","204",0.266,0.25,0.016000000000000014,0.497,0.493,0.0040000000000000036,0.389,0.379,0.010000000000000009
"Pages, Andy","681624","2026","411","292",0.27,0.269,0.0010000000000000009,0.471,0.45,0.020999999999999963,0.348,0.343,0.004999999999999949
"Caminero, Junior","691406","2026","411","279",0.279,0.272,0.007000000000000006,0.555,0.505,0.050000000000000044,0.392,0.372,0.020000000000000018
"Albies, Ozzie","645277","2026","410","322",0.267,0.241,0.026000000000000023,0.439,0.368,0.07100000000000001,0.327,0.292,0.03500000000000003
"Lopez, Otto","672640","2026","410","328",0.334,0.29,0.04400000000000004,0.505,0.446,0.059,0.376,0.336,0.03999999999999998
"Edwards, Xavier","669364","2026","409","311",0.303,0.268,0.034999999999999976,0.425,0.384,0.04099999999999998,0.355,0.327,0.02799999999999997
"Vargas, Miguel","678246","2026","409","280",0.245,0.275,-0.030000000000000027,0.493,0.544,-0.051000000000000045,0.366,0.401,-0.03500000000000003
"Freeman, Freddie","518692","2026","408","293",0.29,0.293,-0.0030000000000000027,0.487,0.504,-0.017000000000000015,0.375,0.383,-0.008000000000000007
"Harper, Bryce","547180","2026","408","266",0.26,0.278,-0.018000000000000016,0.497,0.516,-0.019000000000000017,0.371,0.391,-0.020000000000000018
"Devers, Rafael","646240","2026","407","257",0.249,0.233,0.015999999999999986,0.479,0.46,0.01899999999999996,0.342,0.327,0.015000000000000013
"Wetherholt, JJ","802139","2026","407","289",0.259,0.261,-0.0020000000000000018,0.399,0.435,-0.035999999999999976,0.337,0.351,-0.013999999999999957
"Aranda, Jonathan","666018","2026","406","259",0.297,0.273,0.023999999999999966,0.471,0.47,0.0010000000000000009,0.376,0.372,0.0040000000000000036
"Ohtani, Shohei","660271","2026","406","246",0.293,0.293,0,0.549,0.579,-0.029999999999999916,0.402,0.416,-0.013999999999999957
"Marte, Ketel","606466","2026","405","316",0.256,0.293,-0.03699999999999998,0.461,0.496,-0.034999999999999976,0.332,0.364,-0.03199999999999997
"Bellinger, Cody","641355","2026","403","292",0.254,0.277,-0.02300000000000002,0.421,0.424,-0.0030000000000000027,0.337,0.352,-0.014999999999999958
"Witt Jr., Bobby","677951","2026","403","294",0.286,0.311,-0.025000000000000022,0.461,0.521,-0.06,0.353,0.389,-0.03600000000000003
"Lile, Daylen","695734","2026","403","303",0.246,0.256,-0.010000000000000009,0.4,0.414,-0.013999999999999957,0.304,0.316,-0.01200000000000001
"Lowe, Brandon","664040","2026","402","256",0.246,0.246,0,0.487,0.458,0.02899999999999997,0.344,0.339,0.004999999999999949
"Arraez, Luis","650333","2026","402","359",0.33,0.288,0.04200000000000004,0.46,0.376,0.08400000000000002,0.355,0.308,0.046999999999999986
"Abreu, Wilyer","677800","2026","400","277",0.261,0.257,0.0040000000000000036,0.428,0.454,-0.026000000000000023,0.331,0.339,-0.008000000000000007
"Greene, Riley","682985","2026","400","239",0.288,0.262,0.025999999999999968,0.462,0.48,-0.01799999999999996,0.368,0.364,0.0040000000000000036
"Walker, Christian","572233","2026","400","270",0.237,0.227,0.009999999999999981,0.462,0.389,0.07300000000000001,0.335,0.304,0.031000000000000028
"Adell, Jo","666176","2026","399","287",0.245,0.261,-0.016000000000000014,0.395,0.437,-0.04199999999999998,0.301,0.324,-0.02300000000000002
"Burleson, Alec","676475","2026","398","302",0.273,0.294,-0.020999999999999963,0.468,0.54,-0.07200000000000001,0.347,0.383,-0.03600000000000003
"Carroll, Corbin","682998","2026","398","256",0.252,0.25,0.0020000000000000018,0.478,0.439,0.03899999999999998,0.356,0.343,0.012999999999999956
"Happ, Ian","664023","2026","397","217",0.22,0.205,0.015000000000000013,0.431,0.414,0.017000000000000015,0.331,0.319,0.01200000000000001
"Abrams, CJ","682928","2026","395","266",0.275,0.255,0.020000000000000018,0.51,0.442,0.068,0.369,0.34,0.02899999999999997
"Walker, Jordan","691023","2026","395","262",0.294,0.287,0.007000000000000006,0.532,0.519,0.013000000000000012,0.38,0.374,0.006000000000000005
"Díaz, Yandy","650490","2026","394","294",0.322,0.296,0.026000000000000023,0.49,0.459,0.030999999999999972,0.386,0.368,0.018000000000000016
"Merrill, Jackson","701538","2026","392","265",0.219,0.241,-0.021999999999999992,0.35,0.408,-0.057999999999999996,0.276,0.306,-0.02999999999999997
"Meidroth, Chase","805367","2026","392","258",0.269,0.232,0.037000000000000005,0.379,0.324,0.05499999999999999,0.322,0.288,0.03400000000000003
"Perdomo, Geraldo","672695","2026","391","285",0.241,0.251,-0.010000000000000009,0.356,0.339,0.01699999999999996,0.322,0.326,-0.0040000000000000036
"Rice, Ben","700250","2026","390","248",0.279,0.272,0.007000000000000006,0.599,0.519,0.07999999999999996,0.408,0.381,0.02699999999999997
"Machado, Manny","592518","2026","390","259",0.203,0.234,-0.031,0.418,0.418,0,0.305,0.321,-0.016000000000000014
"Marsee, Jakob","805300","2026","389","245",0.197,0.22,-0.022999999999999993,0.295,0.314,-0.019000000000000017,0.287,0.303,-0.016000000000000014
"Naylor, Josh","647304","2026","389","305",0.252,0.272,-0.020000000000000018,0.354,0.397,-0.04300000000000004,0.299,0.321,-0.02200000000000002
"Guerrero Jr., Vladimir","665489","2026","387","291",0.262,0.287,-0.024999999999999967,0.357,0.406,-0.049000000000000044,0.312,0.343,-0.031000000000000028
"Langeliers, Shea","669127","2026","386","266",0.257,0.268,-0.01100000000000001,0.483,0.51,-0.027000000000000024,0.347,0.36,-0.013000000000000012
"Benge, Carson","701807","2026","386","270",0.263,0.288,-0.024999999999999967,0.402,0.449,-0.046999999999999986,0.322,0.349,-0.02699999999999997
"Riley, Austin","663586","2026","385","232",0.207,0.201,0.005999999999999978,0.329,0.361,-0.03199999999999997,0.279,0.288,-0.008999999999999952
"Nimmo, Brandon","607043","2026","384","267",0.263,0.293,-0.02999999999999997,0.425,0.522,-0.09700000000000003,0.33,0.379,-0.04899999999999999
"Paredes, Isaac","670623","2026","384","273",0.254,0.239,0.015000000000000013,0.417,0.363,0.05399999999999999,0.34,0.316,0.02400000000000002
"Rumfield, TJ","681198","2026","384","284",0.296,0.25,0.045999999999999985,0.475,0.379,0.09599999999999997,0.374,0.323,0.05099999999999999
"Adames, Willy","642715","2026","384","251",0.23,0.223,0.007000000000000006,0.42,0.394,0.025999999999999968,0.304,0.293,0.01100000000000001
"Young, Cole","702284","2026","384","282",0.253,0.275,-0.02200000000000002,0.394,0.416,-0.021999999999999964,0.312,0.33,-0.018000000000000016
"Contreras, William","661388","2026","384","297",0.282,0.276,0.00599999999999995,0.398,0.443,-0.044999999999999984,0.324,0.337,-0.013000000000000012
"Okamoto, Kazuma","672960","2026","382","223",0.239,0.221,0.017999999999999988,0.469,0.452,0.01699999999999996,0.342,0.33,0.01200000000000001
"Montgomery, Colson","695657","2026","381","220",0.22,0.223,-0.0030000000000000027,0.469,0.447,0.021999999999999964,0.331,0.324,0.007000000000000006
"Tucker, Kyle","663656","2026","381","255",0.244,0.262,-0.018000000000000016,0.375,0.39,-0.015000000000000013,0.321,0.336,-0.015000000000000013
"Arozarena, Randy","668227","2026","379","246",0.286,0.267,0.01899999999999996,0.458,0.429,0.029000000000000026,0.369,0.354,0.015000000000000013
"Rodríguez, Julio","677594","2026","378","266",0.259,0.274,-0.015000000000000013,0.424,0.474,-0.04999999999999999,0.327,0.35,-0.022999999999999965
"Duran, Jarren","680776","2026","376","232",0.194,0.224,-0.03,0.35,0.38,-0.030000000000000027,0.268,0.294,-0.025999999999999968
"Goodman, Hunter","696100","2026","376","219",0.254,0.238,0.016000000000000014,0.538,0.472,0.06600000000000006,0.366,0.334,0.03199999999999997
"Jung, Josh","673962","2026","376","269",0.298,0.288,0.010000000000000009,0.452,0.436,0.016000000000000014,0.36,0.35,0.010000000000000009
"Bell, Josh","605137","2026","375","264",0.248,0.253,-0.0050000000000000044,0.429,0.455,-0.026000000000000023,0.32,0.331,-0.01100000000000001
"Clement, Ernie","676391","2026","374","326",0.296,0.257,0.03899999999999998,0.433,0.345,0.08800000000000002,0.326,0.274,0.05199999999999999
"Bohm, Alec","664761","2026","374","287",0.215,0.241,-0.025999999999999995,0.354,0.367,-0.013000000000000012,0.28,0.299,-0.01899999999999996
"Perez, Salvador","521692","2026","374","278",0.209,0.228,-0.019000000000000017,0.344,0.389,-0.04500000000000004,0.258,0.286,-0.02799999999999997
"Gonzales, Nick","693304","2026","373","273",0.308,0.284,0.02400000000000002,0.391,0.384,0.007000000000000006,0.34,0.327,0.013000000000000012
"Lee, Brooks","686797","2026","373","283",0.249,0.23,0.01899999999999999,0.428,0.336,0.09199999999999997,0.322,0.279,0.04299999999999998
"Dubón, Mauricio","643289","2026","372","291",0.265,0.27,-0.0050000000000000044,0.42,0.394,0.025999999999999968,0.324,0.316,0.008000000000000007
"Burger, Jake","669394","2026","372","242",0.24,0.236,0.0040000000000000036,0.423,0.406,0.01699999999999996,0.318,0.309,0.009000000000000008
"Torkelson, Spencer","679529","2026","371","202",0.208,0.216,-0.008000000000000007,0.413,0.411,0.0020000000000000018,0.316,0.319,-0.0030000000000000027
"Schmitt, Casey","669477","2026","370","283",0.28,0.293,-0.012999999999999956,0.497,0.522,-0.025000000000000022,0.345,0.361,-0.016000000000000014
"Rafaela, Ceddanne","678882","2026","368","271",0.281,0.244,0.03700000000000003,0.433,0.352,0.08100000000000002,0.333,0.286,0.04700000000000004
"Contreras, Willson","575929","2026","364","225",0.285,0.274,0.010999999999999954,0.542,0.525,0.017000000000000015,0.395,0.39,0.0050000000000000044
"Marsh, Brandon","669016","2026","363","246",0.301,0.27,0.030999999999999972,0.49,0.44,0.04999999999999999,0.356,0.322,0.033999999999999975
"Bogaerts, Xander","593428","2026","363","250",0.224,0.241,-0.016999999999999987,0.331,0.37,-0.03899999999999998,0.294,0.315,-0.02100000000000002
"Dingler, Dillon","693307","2026","361","251",0.262,0.287,-0.024999999999999967,0.508,0.523,-0.015000000000000013,0.356,0.376,-0.020000000000000018
"Smith, Cam","701358","2026","361","240",0.218,0.254,-0.036000000000000004,0.377,0.458,-0.08100000000000002,0.295,0.34,-0.04500000000000004
"Chisholm Jr., Jazz","665862","2026","360","217",0.223,0.211,0.01200000000000001,0.395,0.364,0.031000000000000028,0.306,0.292,0.014000000000000012
"Rocchio, Brayan","677587","2026","359","276",0.276,0.261,0.015000000000000013,0.408,0.367,0.04099999999999998,0.332,0.311,0.02100000000000002
"Steer, Spencer","668715","2026","358","238",0.247,0.249,-0.0020000000000000018,0.421,0.456,-0.03500000000000003,0.33,0.346,-0.01599999999999996
"Winn, Masyn","691026","2026","357","252",0.243,0.253,-0.010000000000000009,0.331,0.33,0.0010000000000000009,0.29,0.298,-0.008000000000000007
"Swanson, Dansby","621020","2026","356","234",0.211,0.212,-0.0010000000000000009,0.412,0.383,0.02899999999999997,0.308,0.299,0.009000000000000008
"Keaschall, Luke","807712","2026","355","257",0.258,0.233,0.024999999999999994,0.35,0.338,0.011999999999999955,0.314,0.299,0.015000000000000013
"Simpson, Chandler","802415","2026","355","304",0.279,0.258,0.02100000000000002,0.339,0.295,0.04400000000000004,0.29,0.265,0.024999999999999967
"Trout, Mike","545361","2026","354","196",0.237,0.262,-0.025000000000000022,0.473,0.557,-0.08400000000000007,0.374,0.409,-0.034999999999999976
"Kwan, Steven","680757","2026","354","268",0.225,0.254,-0.028999999999999998,0.282,0.313,-0.031000000000000028,0.286,0.309,-0.02300000000000002
"Harris II, Michael","671739","2026","353","263",0.296,0.299,-0.0030000000000000027,0.488,0.512,-0.02400000000000002,0.352,0.363,-0.01100000000000001
"Stott, Bryson","681082","2026","353","264",0.249,0.264,-0.015000000000000013,0.393,0.407,-0.013999999999999957,0.308,0.32,-0.01200000000000001
"Chapman, Matt","656305","2026","352","229",0.235,0.21,0.024999999999999994,0.368,0.319,0.04899999999999999,0.309,0.286,0.02300000000000002
"Lee, Jung Hoo","808982","2026","351","300",0.302,0.291,0.01100000000000001,0.429,0.379,0.04999999999999999,0.332,0.311,0.02100000000000002
"Caglianone, Jac","695506","2026","349","218",0.26,0.272,-0.01200000000000001,0.461,0.496,-0.034999999999999976,0.339,0.357,-0.01799999999999996
"Arenado, Nolan","571448","2026","347","238",0.243,0.232,0.010999999999999982,0.414,0.357,0.056999999999999995,0.319,0.294,0.025000000000000022
"Soderstrom, Tyler","691016","2026","347","239",0.241,0.257,-0.016000000000000014,0.465,0.431,0.03400000000000003,0.348,0.343,0.004999999999999949
"Jensen, Carter","695600","2026","346","213",0.236,0.212,0.023999999999999994,0.421,0.368,0.05299999999999999,0.314,0.287,0.027000000000000024
"Bauers, Jake","641343","2026","346","207",0.268,0.258,0.010000000000000009,0.508,0.481,0.027000000000000024,0.38,0.366,0.014000000000000012
"Suzuki, Seiya","673548","2026","343","217",0.268,0.251,0.017000000000000015,0.464,0.421,0.04300000000000004,0.35,0.328,0.021999999999999964
"Hicks, Liam","689414","2026","342","274",0.29,0.251,0.03899999999999998,0.458,0.353,0.10500000000000004,0.357,0.31,0.046999999999999986
"Tovar, Ezequiel","678662","2026","341","235",0.2,0.221,-0.02099999999999999,0.33,0.367,-0.03699999999999998,0.251,0.275,-0.02400000000000002
"De La Cruz, Elly","682829","2026","340","208",0.274,0.267,0.007000000000000006,0.492,0.48,0.01200000000000001,0.363,0.359,0.0040000000000000036
"O'Hearn, Ryan","656811","2026","339","234",0.288,0.263,0.024999999999999967,0.487,0.43,0.056999999999999995,0.363,0.333,0.02999999999999997
"Muncy, Max","571970","2026","336","214",0.259,0.252,0.007000000000000006,0.488,0.487,0.0010000000000000009,0.365,0.36,0.0050000000000000044
"Buxton, Byron","621439","2026","335","225",0.271,0.25,0.02100000000000002,0.575,0.517,0.05799999999999994,0.382,0.351,0.031000000000000028
"Crawford, J.P.","641487","2026","335","216",0.218,0.244,-0.025999999999999995,0.359,0.375,-0.016000000000000014,0.315,0.33,-0.015000000000000013
"Soto, Juan","665742","2026","334","235",0.29,0.307,-0.017000000000000015,0.562,0.615,-0.052999999999999936,0.408,0.431,-0.02300000000000002
"DeLauter, Chase","800050","2026","333","256",0.278,0.279,-0.0010000000000000009,0.448,0.432,0.016000000000000014,0.347,0.345,0.0020000000000000018
"Clemens, Kody","665019","2026","332","230",0.243,0.255,-0.01200000000000001,0.482,0.453,0.02899999999999997,0.336,0.336,0
"Baty, Brett","683146","2026","328","205",0.221,0.236,-0.014999999999999986,0.314,0.374,-0.06,0.276,0.307,-0.030999999999999972
"Duran, Ezequiel","677649","2026","325","226",0.27,0.256,0.014000000000000012,0.436,0.378,0.057999999999999996,0.331,0.307,0.02400000000000002
"Karros, Kyle","691720","2026","323","212",0.263,0.257,0.006000000000000005,0.439,0.414,0.025000000000000022,0.349,0.341,0.007999999999999952
"Sheets, Gavin","657757","2026","322","210",0.221,0.242,-0.02099999999999999,0.425,0.403,0.021999999999999964,0.33,0.331,-0.0010000000000000009
"Schanuel, Nolan","694384","2026","320","241",0.275,0.28,-0.0050000000000000044,0.397,0.382,0.015000000000000013,0.329,0.326,0.0030000000000000027
"Castro, Willi","650489","2026","320","200",0.26,0.23,0.03,0.378,0.354,0.02400000000000002,0.317,0.294,0.02300000000000002
"García Jr., Luis","671277","2026","319","256",0.284,0.296,-0.01200000000000001,0.554,0.511,0.04300000000000004,0.37,0.36,0.010000000000000009
"Baldwin, Drake","686948","2026","319","209",0.254,0.275,-0.02100000000000002,0.437,0.512,-0.07500000000000001,0.344,0.379,-0.03500000000000003
"Mullins, Cedric","656775","2026","319","221",0.2,0.19,0.010000000000000009,0.339,0.316,0.02300000000000002,0.276,0.262,0.014000000000000012
"Semien, Marcus","543760","2026","318","226",0.214,0.255,-0.04100000000000001,0.341,0.414,-0.07299999999999995,0.271,0.316,-0.044999999999999984
"Durbin, Caleb","702332","2026","317","246",0.228,0.238,-0.009999999999999981,0.393,0.335,0.057999999999999996,0.301,0.287,0.014000000000000012
"Altuve, Jose","514888","2026","317","217",0.235,0.228,0.0069999999999999785,0.404,0.342,0.062,0.311,0.287,0.02400000000000002
"Collins, Isaac","686555","2026","315","199",0.24,0.24,0,0.363,0.339,0.023999999999999966,0.32,0.315,0.0050000000000000044
"Johnston, Troy","687859","2026","314","227",0.301,0.281,0.019999999999999962,0.417,0.381,0.035999999999999976,0.351,0.33,0.020999999999999963
"Ramírez, José","608070","2026","314","227",0.239,0.282,-0.04299999999999998,0.418,0.446,-0.028000000000000025,0.328,0.356,-0.02799999999999997
"Giménez, Andrés","665926","2026","313","234",0.232,0.226,0.006000000000000005,0.363,0.314,0.04899999999999999,0.281,0.264,0.017000000000000015
"Frelick, Sal","686217","2026","312","248",0.236,0.244,-0.008000000000000007,0.331,0.323,0.008000000000000007,0.282,0.282,0
"Mitchell, Garrett","669003","2026","310","170",0.274,0.263,0.01100000000000001,0.459,0.468,-0.009000000000000008,0.359,0.357,0.0020000000000000018
"Manzardo, Kyle","700932","2026","310","176",0.215,0.223,-0.008000000000000007,0.359,0.377,-0.018000000000000016,0.3,0.309,-0.009000000000000008
"Soler, Jorge","624585","2026","310","179",0.214,0.214,0,0.391,0.38,0.01100000000000001,0.304,0.304,0
"McLain, Matt","680574","2026","309","187",0.19,0.226,-0.036000000000000004,0.328,0.386,-0.057999999999999996,0.283,0.317,-0.03400000000000003
"Varsho, Daulton","662139","2026","308","219",0.24,0.241,-0.0010000000000000009,0.387,0.358,0.029000000000000026,0.305,0.294,0.01100000000000001
"McCarthy, Jake","664983","2026","307","232",0.301,0.261,0.03999999999999998,0.516,0.402,0.11399999999999999,0.369,0.314,0.05499999999999999
"Nuñez, Nasim","683083","2026","306","200",0.242,0.217,0.024999999999999994,0.291,0.267,0.023999999999999966,0.285,0.268,0.01699999999999996
"Stowers, Kyle","669065","2026","305","175",0.239,0.237,0.0020000000000000018,0.455,0.433,0.02200000000000002,0.336,0.33,0.006000000000000005
"Antonacci, Sam","803011","2026","304","218",0.287,0.296,-0.009000000000000008,0.418,0.439,-0.02100000000000002,0.358,0.367,-0.009000000000000008
"Grisham, Trent","663757","2026","303","211",0.236,0.259,-0.02300000000000002,0.421,0.457,-0.03600000000000003,0.333,0.356,-0.022999999999999965
"Basallo, Samuel","694212","2026","301","199",0.248,0.256,-0.008000000000000007,0.464,0.482,-0.01799999999999996,0.331,0.341,-0.010000000000000009
"Vargas, Ildemaro","545121","2026","300","252",0.258,0.279,-0.02100000000000002,0.394,0.382,0.01200000000000001,0.303,0.309,-0.006000000000000005
"Pasquantino, Vinnie","686469","2026","299","212",0.222,0.243,-0.02099999999999999,0.345,0.388,-0.04300000000000004,0.29,0.313,-0.02300000000000002
"Caballero, José","676609","2026","298","208",0.25,0.225,0.024999999999999994,0.397,0.328,0.069,0.306,0.27,0.035999999999999976
"Mead, Curtis","678554","2026","296","204",0.247,0.266,-0.019000000000000017,0.502,0.478,0.02400000000000002,0.365,0.365,0
"Horwitz, Spencer","687462","2026","295","210",0.28,0.236,0.04400000000000004,0.455,0.393,0.062,0.37,0.339,0.030999999999999972
"Pederson, Joc","592626","2026","294","188",0.235,0.253,-0.018000000000000016,0.462,0.445,0.017000000000000015,0.345,0.352,-0.007000000000000006
"McNeil, Jeff","643446","2026","294","233",0.226,0.263,-0.037000000000000005,0.302,0.342,-0.040000000000000036,0.266,0.296,-0.02999999999999997
"Garcia, Maikel","672580","2026","294","225",0.261,0.272,-0.01100000000000001,0.373,0.374,-0.0010000000000000009,0.307,0.316,-0.009000000000000008
"Springer, George","543807","2026","293","199",0.218,0.227,-0.009000000000000008,0.374,0.373,0.0010000000000000009,0.301,0.305,-0.0040000000000000036
"Larnach, Trevor","663616","2026","291","204",0.289,0.267,0.021999999999999964,0.451,0.411,0.040000000000000036,0.366,0.342,0.023999999999999966
"Taveras, Leody","665750","2026","290","189",0.237,0.222,0.014999999999999986,0.364,0.336,0.02799999999999997,0.302,0.289,0.013000000000000012
"Young, Jacob","696285","2026","288","215",0.224,0.252,-0.027999999999999997,0.369,0.379,-0.010000000000000009,0.284,0.299,-0.015000000000000013
"Benintendi, Andrew","643217","2026","288","195",0.242,0.259,-0.017000000000000015,0.427,0.436,-0.009000000000000008,0.316,0.328,-0.01200000000000001
"Crawford, Justin","702222","2026","287","209",0.263,0.256,0.007000000000000006,0.353,0.319,0.033999999999999975,0.296,0.28,0.01599999999999996
"Bleday, JJ","668709","2026","284","186",0.242,0.263,-0.02100000000000002,0.496,0.462,0.033999999999999975,0.365,0.368,-0.0030000000000000027
"Chourio, Jackson","694192","2026","283","193",0.284,0.251,0.032999999999999974,0.498,0.472,0.026000000000000023,0.359,0.334,0.024999999999999967
"Cruz, Oneil","665833","2026","283","152",0.264,0.255,0.009000000000000008,0.472,0.49,-0.018000000000000016,0.357,0.358,-0.0010000000000000009
"Bazzana, Travis","683953","2026","282","186",0.238,0.22,0.017999999999999988,0.389,0.342,0.046999999999999986,0.318,0.295,0.02300000000000002
"Raleigh, Cal","663728","2026","280","154",0.169,0.179,-0.009999999999999981,0.31,0.356,-0.045999999999999985,0.264,0.288,-0.023999999999999966
"Peraza, Oswald","672724","2026","277","179",0.239,0.236,0.0030000000000000027,0.378,0.365,0.013000000000000012,0.29,0.283,0.007000000000000006
"Yelich, Christian","592885","2026","276","166",0.243,0.221,0.021999999999999992,0.379,0.364,0.015000000000000013,0.311,0.296,0.015000000000000013
"Moreno, Gabriel","672515","2026","275","197",0.301,0.286,0.015000000000000013,0.436,0.438,-0.0020000000000000018,0.363,0.365,-0.0020000000000000018
"Rutschman, Adley","668939","2026","275","207",0.253,0.276,-0.02300000000000002,0.436,0.436,0,0.331,0.348,-0.01699999999999996
"Peters, Tristan","671976","2026","275","205",0.301,0.26,0.04099999999999998,0.478,0.383,0.09499999999999997,0.361,0.308,0.05299999999999999
"Butler, Lawrence","671732","2026","274","167",0.196,0.237,-0.04099999999999998,0.296,0.351,-0.05499999999999999,0.271,0.307,-0.035999999999999976
"Martin, Austin","668885","2026","272","182",0.249,0.247,0.0020000000000000018,0.328,0.33,-0.0020000000000000018,0.317,0.317,0
"Keith, Colt","690993","2026","272","201",0.245,0.266,-0.02100000000000002,0.391,0.432,-0.04099999999999998,0.301,0.324,-0.02300000000000002
"Thomas, Lane","657041","2026","269","173",0.234,0.252,-0.017999999999999988,0.39,0.379,0.01100000000000001,0.323,0.327,-0.0040000000000000036
"Walls, Taylor","670764","2026","267","167",0.213,0.187,0.025999999999999995,0.28,0.258,0.02200000000000002,0.273,0.255,0.018000000000000016
"Suárez, Eugenio","553993","2026","267","145",0.208,0.19,0.017999999999999988,0.388,0.322,0.066,0.296,0.266,0.02999999999999997
"Carter, Evan","694497","2026","266","164",0.188,0.201,-0.013000000000000012,0.33,0.334,-0.0040000000000000036,0.288,0.294,-0.006000000000000005
"Caratini, Victor","605170","2026","264","179",0.24,0.247,-0.007000000000000006,0.371,0.41,-0.03899999999999998,0.313,0.338,-0.025000000000000022
"Hoskins, Rhys","656555","2026","263","135",0.178,0.167,0.010999999999999982,0.364,0.312,0.05199999999999999,0.306,0.289,0.017000000000000015
"Yastrzemski, Mike","573262","2026","262","170",0.23,0.23,0,0.365,0.354,0.01100000000000001,0.308,0.305,0.0030000000000000027
"Goldschmidt, Paul","502671","2026","262","180",0.258,0.234,0.023999999999999994,0.492,0.432,0.06,0.348,0.316,0.03199999999999997
"Vierling, Matt","663837","2026","262","200",0.206,0.25,-0.04400000000000001,0.336,0.375,-0.03899999999999998,0.262,0.3,-0.03799999999999998
"Judge, Aaron","592450","2026","261","143",0.248,0.27,-0.02200000000000002,0.533,0.6,-0.06699999999999995,0.385,0.415,-0.02999999999999997
"Schneemann, Daniel","682177","2026","261","163",0.209,0.221,-0.01200000000000001,0.331,0.366,-0.034999999999999976,0.271,0.288,-0.01699999999999996
"Raley, Luke","670042","2026","259","155",0.229,0.253,-0.023999999999999994,0.453,0.487,-0.033999999999999975,0.319,0.343,-0.02400000000000002
"Murakami, Munetaka","808959","2026","259","125",0.232,0.215,0.017000000000000015,0.54,0.511,0.029000000000000026,0.387,0.37,0.017000000000000015
"García, Adolis","666969","2026","259","150",0.195,0.22,-0.024999999999999994,0.329,0.362,-0.032999999999999974,0.268,0.294,-0.025999999999999968
"Betts, Mookie","605141","2026","259","210",0.235,0.275,-0.040000000000000036,0.416,0.435,-0.019000000000000017,0.308,0.331,-0.02300000000000002
"Realmuto, J.T.","592663","2026","257","177",0.206,0.245,-0.03900000000000001,0.346,0.378,-0.03200000000000003,0.284,0.313,-0.029000000000000026
"Stephenson, Tyler","663886","2026","257","166",0.238,0.244,-0.006000000000000005,0.361,0.429,-0.068,0.304,0.331,-0.027000000000000024
"Lewis, Royce","668904","2026","256","161",0.219,0.222,-0.0030000000000000027,0.399,0.391,0.008000000000000007,0.306,0.306,0
"Canzone, Dominic","686527","2026","254","176",0.264,0.275,-0.01100000000000001,0.529,0.522,0.007000000000000006,0.369,0.372,-0.0030000000000000027
"Vientos, Mark","668901","2026","254","178",0.211,0.234,-0.02300000000000002,0.388,0.447,-0.059,0.28,0.31,-0.02999999999999997
"Church, Nathan","701675","2026","254","185",0.236,0.231,0.004999999999999977,0.384,0.366,0.018000000000000016,0.29,0.281,0.008999999999999952
"Mangum, Jake","663968","2026","253","191",0.31,0.26,0.04999999999999999,0.389,0.332,0.056999999999999995,0.335,0.291,0.04400000000000004
"Hernández, Teoscar","606192","2026","251","155",0.243,0.244,-0.0010000000000000009,0.387,0.423,-0.035999999999999976,0.311,0.326,-0.015000000000000013
"Freeman, Tyler","671289","2026","251","194",0.265,0.266,-0.0010000000000000009,0.342,0.357,-0.014999999999999958,0.313,0.317,-0.0040000000000000036
"Kelly, Carson","608348","2026","251","178",0.273,0.247,0.026000000000000023,0.4,0.397,0.0030000000000000027,0.342,0.328,0.014000000000000012
"Ozuna, Marcell","542303","2026","250","147",0.205,0.226,-0.02100000000000002,0.335,0.409,-0.07399999999999995,0.279,0.313,-0.033999999999999975
"McKinstry, Zach","656716","2026","248","181",0.197,0.223,-0.025999999999999995,0.298,0.305,-0.007000000000000006,0.259,0.274,-0.015000000000000013
"Julien, Edouard","666397","2026","247","148",0.222,0.254,-0.032,0.307,0.404,-0.09700000000000003,0.296,0.341,-0.04500000000000004
"Griffin, Konnor","804606","2026","247","162",0.276,0.24,0.03600000000000003,0.404,0.392,0.01200000000000001,0.324,0.305,0.019000000000000017
"Gelof, Zack","680869","2026","247","167",0.273,0.225,0.048000000000000015,0.476,0.375,0.10099999999999998,0.348,0.289,0.059
"Mayo, Coby","691723","2026","246","144",0.193,0.212,-0.01899999999999999,0.395,0.399,-0.0040000000000000036,0.288,0.299,-0.01100000000000001
"Massey, Michael","686681","2026","246","191",0.26,0.245,0.015000000000000013,0.423,0.417,0.006000000000000005,0.313,0.307,0.006000000000000005
"Caissie, Owen","683357","2026","246","129",0.239,0.216,0.022999999999999993,0.459,0.429,0.030000000000000027,0.322,0.309,0.013000000000000012
"Alexander, Blaze","677942","2026","246","170",0.312,0.308,0.0040000000000000036,0.439,0.467,-0.028000000000000025,0.354,0.361,-0.007000000000000006
"Sanoja, Javier","691594","2026","244","209",0.272,0.256,0.016000000000000014,0.404,0.321,0.08300000000000002,0.313,0.275,0.03799999999999998
"Martínez, Angel","682657","2026","243","178",0.239,0.254,-0.015000000000000013,0.442,0.413,0.029000000000000026,0.31,0.306,0.0040000000000000036
"Ortiz, Joey","687401","2026","241","178",0.225,0.239,-0.013999999999999985,0.305,0.338,-0.03300000000000003,0.269,0.295,-0.025999999999999968
"Andujar, Miguel","609280","2026","240","189",0.26,0.264,-0.0040000000000000036,0.419,0.377,0.04199999999999998,0.31,0.296,0.014000000000000012
"Hamilton, David","666152","2026","238","160",0.24,0.203,0.03699999999999998,0.333,0.294,0.039000000000000035,0.294,0.264,0.02999999999999997
"Wilson, Jacob","805779","2026","237","199",0.281,0.27,0.01100000000000001,0.388,0.343,0.044999999999999984,0.308,0.285,0.02300000000000002
"Acuña Jr., Ronald","660670","2026","236","145",0.251,0.253,-0.0020000000000000018,0.421,0.489,-0.068,0.351,0.378,-0.027000000000000024
"Ramos, Heliot","671218","2026","235","162",0.275,0.283,-0.007999999999999952,0.468,0.505,-0.03699999999999998,0.334,0.35,-0.01599999999999996
"Sánchez, Jesús","660821","2026","234","167",0.274,0.277,-0.0030000000000000027,0.437,0.457,-0.020000000000000018,0.325,0.335,-0.010000000000000009
"Smith, Dominic","642086","2026","233","183",0.263,0.258,0.0050000000000000044,0.388,0.399,-0.01100000000000001,0.306,0.314,-0.008000000000000007
"Norby, Connor","681393","2026","233","131",0.205,0.183,0.021999999999999992,0.325,0.324,0.0010000000000000009,0.292,0.282,0.010000000000000009
"O'Hoppe, Logan","681351","2026","233","156",0.212,0.204,0.008000000000000007,0.307,0.347,-0.03999999999999998,0.263,0.276,-0.013000000000000012
"Alvarez, Francisco","682626","2026","232","150",0.254,0.245,0.009000000000000008,0.416,0.458,-0.04200000000000004,0.323,0.333,-0.010000000000000009
"Cowser, Colton","681297","2026","231","133",0.214,0.211,0.0030000000000000027,0.348,0.422,-0.07400000000000001,0.293,0.316,-0.02300000000000002
"Carpenter, Kerry","681481","2026","231","134",0.222,0.211,0.01100000000000001,0.458,0.406,0.05199999999999999,0.325,0.306,0.019000000000000017
"Cortes, Carlos","666126","2026","230","175",0.279,0.27,0.009000000000000008,0.431,0.421,0.010000000000000009,0.348,0.34,0.007999999999999952
"France, Ty","664034","2026","229","155",0.267,0.239,0.028000000000000025,0.49,0.43,0.06,0.349,0.322,0.02699999999999997
"Gorman, Nolan","669357","2026","229","130",0.194,0.197,-0.0030000000000000027,0.318,0.351,-0.032999999999999974,0.266,0.278,-0.01200000000000001
"Mayer, Marcelo","691785","2026","228","164",0.22,0.201,0.01899999999999999,0.312,0.297,0.015000000000000013,0.267,0.259,0.008000000000000007
"Hernández, Heriberto","681715","2026","228","151",0.236,0.259,-0.02300000000000002,0.483,0.509,-0.026000000000000023,0.343,0.364,-0.020999999999999963
"Palacios, Richie","680700","2026","228","159",0.237,0.251,-0.014000000000000012,0.338,0.34,-0.0020000000000000018,0.305,0.312,-0.007000000000000006
"Moniak, Mickey","666160","2026","227","153",0.278,0.229,0.049000000000000016,0.574,0.446,0.12799999999999995,0.38,0.312,0.068
"Matthews, Brice","694728","2026","226","140",0.197,0.192,0.0050000000000000044,0.332,0.341,-0.009000000000000008,0.257,0.26,-0.0030000000000000027
"McMahon, Ryan","641857","2026","225","135",0.214,0.237,-0.022999999999999993,0.379,0.411,-0.03199999999999997,0.289,0.31,-0.02100000000000002
"Lowe, Nathaniel","663993","2026","224","138",0.247,0.263,-0.016000000000000014,0.465,0.461,0.0040000000000000036,0.347,0.352,-0.0050000000000000044
"Ewing, A.J.","805999","2026","222","142",0.276,0.269,0.007000000000000006,0.439,0.432,0.007000000000000006,0.347,0.341,0.00599999999999995
"Fortes, Nick","663743","2026","222","182",0.257,0.239,0.018000000000000016,0.34,0.32,0.020000000000000018,0.286,0.27,0.01599999999999996
"Wells, Austin","669224","2026","220","135",0.155,0.207,-0.05199999999999999,0.258,0.355,-0.09699999999999998,0.229,0.285,-0.055999999999999966
"Freeland, Alex","690976","2026","220","131",0.234,0.212,0.02200000000000002,0.318,0.321,-0.0030000000000000027,0.287,0.279,0.007999999999999952
"Seager, Corey","608369","2026","219","130",0.182,0.226,-0.04400000000000001,0.374,0.446,-0.07200000000000001,0.293,0.336,-0.04300000000000004
"Lukes, Nathan","664770","2026","219","170",0.288,0.268,0.019999999999999962,0.404,0.35,0.05400000000000005,0.331,0.301,0.030000000000000027
"Williamson, Ben","810938","2026","219","157",0.253,0.257,-0.0040000000000000036,0.338,0.343,-0.0050000000000000044,0.297,0.3,-0.0030000000000000027
"Eldridge, Bryce","805811","2026","217","136",0.271,0.27,0.0010000000000000009,0.468,0.504,-0.035999999999999976,0.362,0.373,-0.01100000000000001
"Gilbert, Drew","687551","2026","216","156",0.237,0.246,-0.009000000000000008,0.374,0.333,0.04099999999999998,0.304,0.294,0.010000000000000009
"Peña, Jeremy","665161","2026","216","162",0.287,0.294,-0.007000000000000006,0.426,0.42,0.006000000000000005,0.34,0.342,-0.0020000000000000018
"Triolo, Jared","669707","2026","215","146",0.233,0.238,-0.004999999999999977,0.306,0.307,-0.0010000000000000009,0.277,0.279,-0.0020000000000000018
"Friedl, TJ","670770","2026","214","142",0.181,0.187,-0.006000000000000005,0.271,0.257,0.014000000000000012,0.243,0.242,0.0010000000000000009
"Ruiz, Keibert","660688","2026","212","176",0.275,0.233,0.04200000000000001,0.465,0.365,0.10000000000000003,0.329,0.274,0.05499999999999999
"Jackson, Jeremiah","669236","2026","212","165",0.254,0.254,0,0.405,0.4,0.0050000000000000044,0.29,0.29,0
"Rengifo, Luis","650859","2026","211","166",0.203,0.248,-0.044999999999999984,0.251,0.336,-0.08500000000000002,0.243,0.294,-0.05099999999999999
"Grissom, Vaughn","687093","2026","211","159",0.249,0.261,-0.01200000000000001,0.389,0.414,-0.024999999999999967,0.312,0.334,-0.02200000000000002
"Vivas, Jorbit","678391","2026","210","159",0.236,0.245,-0.009000000000000008,0.33,0.33,0,0.294,0.297,-0.0030000000000000027
"Laureano, Ramón","657656","2026","206","119",0.203,0.222,-0.01899999999999999,0.374,0.409,-0.034999999999999976,0.292,0.312,-0.020000000000000018
"Rushing, Dalton","687221","2026","205","129",0.254,0.252,0.0020000000000000018,0.475,0.427,0.04799999999999999,0.353,0.339,0.013999999999999957
"Loftin, Nick","679845","2026","205","153",0.246,0.246,0,0.411,0.365,0.045999999999999985,0.331,0.318,0.013000000000000012
"Rooker, Brent","667670","2026","203","117",0.2,0.207,-0.0069999999999999785,0.389,0.435,-0.045999999999999985,0.292,0.314,-0.02200000000000002
"Bolte, Henry","703607","2026","202","122",0.261,0.229,0.032,0.347,0.346,0.0010000000000000009,0.313,0.3,0.013000000000000012
"Yoshida, Masataka","807799","2026","201","156",0.264,0.264,0,0.382,0.371,0.01100000000000001,0.324,0.321,0.0030000000000000027