"last_name, first_name","player_id","year","pa","bip","ba","est_ba","est_ba_minus_ba_diff","slg","est_slg","est_slg_minus_slg_diff","woba","est_woba","est_woba_minus_woba_diff","era","xera","era_minus_xera_diff"
"Alcantara, Sandy","645261","2026","486","364",0.26,0.26,0,0.392,0.373,0.019000000000000017,0.315,0.307,0.008000000000000007,"4.20","3.89","0.312"
"Sánchez, Cristopher","650911","2026","475","314",0.232,0.219,0.013000000000000012,0.333,0.348,-0.014999999999999958,0.269,0.267,0.0020000000000000018,"2.00","2.90","-0.9"
"Wacha, Michael","608379","2026","438","320",0.234,0.248,-0.013999999999999985,0.387,0.397,-0.010000000000000009,0.299,0.308,-0.009000000000000008,"3.31","3.92","-0.607"
"Baz, Shane","669358","2026","434","305",0.259,0.26,-0.0010000000000000009,0.419,0.414,0.0050000000000000044,0.323,0.327,-0.0040000000000000036,"4.19","4.47","-0.282"
"Kirby, George","669923","2026","432","315",0.279,0.256,0.02300000000000002,0.41,0.383,0.02699999999999997,0.322,0.3,0.02200000000000002,"3.81","3.70","0.108"
"Meyer, Max","676974","2026","426","271",0.205,0.227,-0.02200000000000002,0.333,0.374,-0.04099999999999998,0.279,0.301,-0.021999999999999964,"2.53","3.73","-1.196"
"Soriano, José","667755","2026","423","260",0.225,0.239,-0.013999999999999985,0.341,0.385,-0.043999999999999984,0.3,0.322,-0.02200000000000002,"3.42","4.32","-0.9"
"Peralta, Freddy","642547","2026","422","288",0.257,0.237,0.020000000000000018,0.427,0.362,0.065,0.333,0.302,0.031000000000000028,"4.82","3.75","1.065"
"Gausman, Kevin","592332","2026","419","294",0.247,0.241,0.006000000000000005,0.42,0.404,0.01599999999999996,0.309,0.302,0.007000000000000006,"4.19","3.75","0.438"
"Valdez, Framber","664285","2026","417","298",0.252,0.251,0.0010000000000000009,0.381,0.401,-0.020000000000000018,0.316,0.321,-0.0050000000000000044,"4.04","4.29","-0.245"
"Ashcraft, Braxton","677952","2026","416","272",0.232,0.219,0.013000000000000012,0.363,0.34,0.022999999999999965,0.284,0.274,0.009999999999999953,"3.33","3.06","0.271"
"Abbott, Andrew","671096","2026","415","295",0.253,0.261,-0.008000000000000007,0.409,0.432,-0.02300000000000002,0.328,0.339,-0.01100000000000001,"3.88","4.84","-0.956"
"Elder, Bryce","693821","2026","415","300",0.241,0.244,-0.0030000000000000027,0.376,0.369,0.007000000000000006,0.298,0.296,0.0020000000000000018,"4.01","3.60","0.414"
"Luzardo, Jesús","666200","2026","414","260",0.253,0.222,0.031,0.376,0.327,0.04899999999999999,0.31,0.281,0.02899999999999997,"3.88","3.22","0.664"
"Eovaldi, Nathan","543135","2026","414","284",0.243,0.246,-0.0030000000000000027,0.42,0.413,0.007000000000000006,0.313,0.312,0.0010000000000000009,"3.95","4.03","-0.083"
"Rodriguez, Eduardo","593958","2026","414","305",0.219,0.264,-0.04500000000000001,0.355,0.449,-0.09400000000000003,0.288,0.34,-0.052000000000000046,"2.21","4.88","-2.674"
"Schlittler, Cam","693645","2026","414","266",0.206,0.221,-0.015000000000000013,0.336,0.366,-0.02999999999999997,0.258,0.277,-0.019000000000000017,"2.08","3.13","-1.053"
"Williams, Gavin","668909","2026","414","261",0.225,0.244,-0.01899999999999999,0.403,0.438,-0.034999999999999976,0.306,0.326,-0.020000000000000018,"3.81","4.44","-0.633"
"Gallen, Zac","668678","2026","414","326",0.307,0.309,-0.0020000000000000018,0.511,0.522,-0.01100000000000001,0.375,0.378,-0.0030000000000000027,"6.36","6.25","0.109"
"Bibee, Tanner","676440","2026","411","297",0.225,0.259,-0.034,0.393,0.439,-0.045999999999999985,0.296,0.328,-0.03200000000000003,"3.69","4.50","-0.806"
"Gore, MacKenzie","669022","2026","408","263",0.229,0.237,-0.00799999999999998,0.375,0.375,0,0.302,0.305,-0.0030000000000000027,"4.31","3.83","0.483"
"Springs, Jeffrey","605488","2026","407","292",0.262,0.247,0.015000000000000013,0.518,0.448,0.07,0.359,0.331,0.02799999999999997,"5.79","4.59","1.196"
"Lugo, Seth","607625","2026","407","299",0.278,0.281,-0.0030000000000000027,0.462,0.482,-0.019999999999999962,0.345,0.353,-0.008000000000000007,"4.20","5.32","-1.116"
"Detmers, Reid","672282","2026","406","258",0.206,0.211,-0.0050000000000000044,0.321,0.331,-0.010000000000000009,0.265,0.273,-0.008000000000000007,"3.88","3.04","0.843"
"Keller, Mitch","656605","2026","402","289",0.25,0.283,-0.032999999999999974,0.386,0.427,-0.04099999999999998,0.316,0.343,-0.027000000000000024,"4.87","4.98","-0.114"
"Griffin, Foster","656492","2026","400","270",0.21,0.238,-0.027999999999999997,0.372,0.406,-0.03400000000000003,0.285,0.307,-0.02200000000000002,"2.93","3.89","-0.961"
"Bradish, Kyle","680694","2026","400","256",0.251,0.228,0.022999999999999993,0.405,0.375,0.030000000000000027,0.33,0.31,0.020000000000000018,"3.77","3.97","-0.196"
"Ryan, Joe","657746","2026","400","260",0.224,0.214,0.010000000000000009,0.357,0.367,-0.010000000000000009,0.279,0.28,-0.0010000000000000009,"3.61","3.20","0.406"
"Messick, Parker","800048","2026","400","264",0.214,0.228,-0.014000000000000012,0.351,0.342,0.008999999999999952,0.273,0.278,-0.0050000000000000044,"2.85","3.15","-0.299"
"Woo, Bryan","693433","2026","399","280",0.222,0.235,-0.012999999999999984,0.34,0.38,-0.03999999999999998,0.265,0.285,-0.019999999999999962,"4.17","3.32","0.848"
"Burrows, Mike","681347","2026","398","289",0.285,0.259,0.025999999999999968,0.493,0.431,0.062,0.368,0.332,0.035999999999999976,"5.58","4.62","0.959"
"McLean, Nolan","690997","2026","397","237",0.205,0.214,-0.009000000000000008,0.34,0.332,0.008000000000000007,0.289,0.29,-0.0010000000000000009,"3.78","3.44","0.336"
"Cavalli, Cade","676917","2026","397","254",0.259,0.247,0.01200000000000001,0.359,0.379,-0.020000000000000018,0.312,0.315,-0.0030000000000000027,"3.69","4.11","-0.424"
"King, Michael","650633","2026","397","266",0.217,0.253,-0.036000000000000004,0.338,0.417,-0.07899999999999996,0.294,0.336,-0.04200000000000004,"3.55","4.75","-1.2"
"Imanaga, Shota","684007","2026","396","278",0.226,0.227,-0.0010000000000000009,0.438,0.406,0.03199999999999997,0.309,0.298,0.01100000000000001,"4.30","3.65","0.652"
"Ray, Robbie","592662","2026","396","271",0.214,0.238,-0.023999999999999994,0.38,0.434,-0.05399999999999999,0.299,0.331,-0.03200000000000003,"3.39","4.59","-1.203"
"Gilbert, Logan","669302","2026","396","262",0.215,0.24,-0.024999999999999994,0.392,0.406,-0.014000000000000012,0.288,0.305,-0.017000000000000015,"3.42","3.83","-0.41"
"Skenes, Paul","694973","2026","395","246",0.211,0.202,0.00899999999999998,0.356,0.323,0.032999999999999974,0.275,0.26,0.015000000000000013,"3.62","2.75","0.869"
"Rea, Colin","607067","2026","395","286",0.269,0.273,-0.0040000000000000036,0.434,0.474,-0.03999999999999998,0.344,0.357,-0.013000000000000012,"4.74","5.46","-0.725"
"Ginn, J.T.","669372","2026","393","266",0.217,0.24,-0.022999999999999993,0.345,0.37,-0.025000000000000022,0.294,0.312,-0.018000000000000016,"3.04","4.03","-0.988"
"Lorenzen, Michael","547179","2026","391","294",0.338,0.296,0.04200000000000004,0.541,0.475,0.06600000000000006,0.4,0.359,0.041000000000000036,"6.83","5.53","1.303"
"Early, Connelly","813349","2026","390","254",0.235,0.234,0.0009999999999999731,0.401,0.409,-0.007999999999999952,0.32,0.321,-0.0010000000000000009,"3.44","4.29","-0.854"
"Warren, Will","701542","2026","389","265",0.257,0.249,0.008000000000000007,0.409,0.397,0.011999999999999955,0.316,0.312,0.0040000000000000036,"3.73","4.03","-0.302"
"Martinez, Nick","607259","2026","387","310",0.253,0.28,-0.027000000000000024,0.399,0.44,-0.04099999999999998,0.3,0.33,-0.030000000000000027,"2.66","4.56","-1.898"
"Burke, Sean","680732","2026","387","253",0.233,0.234,-0.0010000000000000009,0.395,0.38,0.015000000000000013,0.312,0.307,0.0050000000000000044,"3.69","3.89","-0.199"
"Cecconi, Slade","677944","2026","387","285",0.269,0.261,0.008000000000000007,0.415,0.428,-0.013000000000000012,0.325,0.325,0,"4.18","4.41","-0.225"
"Cantillo, Joey","676282","2026","383","248",0.24,0.236,0.0040000000000000036,0.398,0.387,0.01100000000000001,0.325,0.318,0.007000000000000006,"3.86","4.20","-0.343"
"Roupp, Landen","694738","2026","381","239",0.245,0.229,0.015999999999999986,0.379,0.321,0.057999999999999996,0.316,0.289,0.027000000000000024,"4.55","3.42","1.131"
"deGrom, Jacob","594798","2026","380","245",0.209,0.231,-0.02200000000000002,0.374,0.399,-0.025000000000000022,0.271,0.289,-0.01799999999999996,"3.48","3.42","0.061"
"Bradley, Taj","671737","2026","379","237",0.226,0.227,-0.0010000000000000009,0.387,0.383,0.0040000000000000036,0.308,0.309,-0.0010000000000000009,"3.86","3.94","-0.083"
"Chandler, Bubba","696149","2026","379","246",0.22,0.226,-0.006000000000000005,0.37,0.374,-0.0040000000000000036,0.314,0.316,-0.0020000000000000018,"4.62","4.14","0.483"
"Martin, Davis","663436","2026","378","260",0.247,0.257,-0.010000000000000009,0.365,0.383,-0.018000000000000016,0.296,0.306,-0.010000000000000009,"3.00","3.86","-0.86"
"McGreevy, Michael","700241","2026","377","295",0.237,0.292,-0.05499999999999999,0.394,0.505,-0.11099999999999999,0.296,0.36,-0.064,"3.12","5.56","-2.445"
"Nola, Aaron","605400","2026","377","260",0.287,0.253,0.033999999999999975,0.52,0.439,0.08100000000000002,0.37,0.327,0.04299999999999998,"6.04","4.47","1.565"
"Misiorowski, Jacob","694819","2026","376","196",0.144,0.175,-0.031,0.199,0.244,-0.044999999999999984,0.199,0.228,-0.028999999999999998,"1.46","2.12","-0.665"
"Pallante, Andre","669467","2026","374","274",0.246,0.241,0.0050000000000000044,0.375,0.379,-0.0040000000000000036,0.305,0.303,0.0020000000000000018,"3.83","3.78","0.048"
"Yamamoto, Yoshinobu","808967","2026","373","261",0.194,0.241,-0.046999999999999986,0.326,0.385,-0.059,0.251,0.293,-0.04199999999999998,"2.67","3.52","-0.848"
"Wrobleski, Justin","680736","2026","371","287",0.217,0.269,-0.05200000000000002,0.326,0.43,-0.10399999999999998,0.259,0.32,-0.061,"2.80","4.26","-1.464"
"Cameron, Noah","702070","2026","370","268",0.277,0.278,-0.0010000000000000009,0.44,0.458,-0.018000000000000016,0.333,0.34,-0.007000000000000006,"4.95","4.88","0.068"
"Sale, Chris","519242","2026","368","229",0.224,0.227,-0.0030000000000000027,0.307,0.332,-0.025000000000000022,0.269,0.28,-0.01100000000000001,"2.10","3.20","-1.1"
"Burns, Chase","695505","2026","367","225",0.208,0.203,0.004999999999999977,0.356,0.34,0.01599999999999996,0.278,0.27,0.008000000000000007,"2.36","2.97","-0.614"
"Kay, Anthony","641743","2026","367","256",0.264,0.272,-0.008000000000000007,0.433,0.429,0.0040000000000000036,0.347,0.355,-0.008000000000000007,"4.50","5.39","-0.89"
"Liberatore, Matthew","669461","2026","367","254",0.291,0.282,0.009000000000000008,0.498,0.482,0.016000000000000014,0.367,0.359,0.008000000000000007,"5.33","5.53","-0.195"
"Weathers, Ryan","677960","2026","367","243",0.243,0.255,-0.01200000000000001,0.42,0.458,-0.038000000000000034,0.312,0.332,-0.020000000000000018,"4.08","4.62","-0.545"
"Kelly, Merrill","518876","2026","362","279",0.287,0.31,-0.02300000000000002,0.526,0.581,-0.05499999999999994,0.376,0.408,-0.03199999999999997,"5.84","7.55","-1.709"
"Suarez, Ranger","624133","2026","361","241",0.224,0.235,-0.010999999999999982,0.327,0.338,-0.01100000000000001,0.273,0.283,-0.009999999999999953,"2.94","3.27","-0.326"
"Webb, Logan","657277","2026","361","258",0.222,0.249,-0.026999999999999996,0.318,0.365,-0.046999999999999986,0.268,0.296,-0.02799999999999997,"3.09","3.60","-0.511"
"Hancock, Emerson","676106","2026","360","247",0.22,0.255,-0.035,0.364,0.446,-0.08200000000000002,0.283,0.327,-0.04400000000000004,"3.47","4.47","-0.996"
"Sugano, Tomoyuki","608372","2026","358","285",0.269,0.31,-0.04099999999999998,0.505,0.562,-0.05700000000000005,0.35,0.397,-0.04700000000000004,"4.80","7.05","-2.248"
"Leahy, Kyle","681517","2026","358","255",0.279,0.286,-0.006999999999999951,0.439,0.486,-0.046999999999999986,0.347,0.365,-0.018000000000000016,"4.09","5.75","-1.656"
"Mikolas, Miles","571945","2026","357","293",0.275,0.273,0.0020000000000000018,0.482,0.48,0.0020000000000000018,0.337,0.337,0,"5.44","4.78","0.663"
"Rasmussen, Drew","656876","2026","356","242",0.191,0.227,-0.036000000000000004,0.296,0.345,-0.04899999999999999,0.238,0.271,-0.03300000000000003,"2.45","2.99","-0.544"
"Nelson, Ryne","669194","2026","355","265",0.249,0.261,-0.01200000000000001,0.477,0.5,-0.02300000000000002,0.336,0.349,-0.012999999999999956,"4.97","5.18","-0.212"
"Leiter, Jack","683004","2026","355","233",0.255,0.257,-0.0020000000000000018,0.439,0.43,0.009000000000000008,0.34,0.337,0.0030000000000000027,"5.29","4.78","0.507"
"Freeland, Kyle","607536","2026","355","264",0.318,0.294,0.02400000000000002,0.561,0.491,0.07000000000000006,0.395,0.36,0.03500000000000003,"7.25","5.56","1.687"
"Montero, Keider","672456","2026","355","275",0.212,0.234,-0.02200000000000002,0.352,0.392,-0.040000000000000036,0.267,0.293,-0.025999999999999968,"3.31","3.52","-0.208"
"Singer, Brady","663903","2026","353","257",0.294,0.275,0.01899999999999996,0.528,0.489,0.039000000000000035,0.381,0.36,0.02100000000000002,"5.12","5.56","-0.439"
"Vásquez, Randy","681190","2026","353","264",0.287,0.308,-0.02100000000000002,0.494,0.562,-0.06800000000000006,0.361,0.397,-0.03600000000000003,"4.44","7.05","-2.606"
"Fedde, Erick","607200","2026","351","260",0.261,0.259,0.0020000000000000018,0.442,0.424,0.018000000000000016,0.34,0.332,0.008000000000000007,"4.41","4.62","-0.214"
"Buehler, Walker","621111","2026","351","242",0.261,0.261,0,0.396,0.41,-0.013999999999999957,0.321,0.324,-0.0030000000000000027,"4.61","4.38","0.23"
"Cease, Dylan","656302","2026","349","178",0.207,0.2,0.0069999999999999785,0.285,0.289,-0.0040000000000000036,0.274,0.271,0.0030000000000000027,"3.02","2.99","0.034"
"Littell, Zack","641793","2026","348","272",0.263,0.297,-0.033999999999999975,0.514,0.555,-0.041000000000000036,0.355,0.39,-0.03500000000000003,"5.29","6.74","-1.453"
"Rocker, Kumar","677958","2026","344","241",0.247,0.262,-0.015000000000000013,0.377,0.416,-0.03899999999999998,0.308,0.329,-0.02100000000000002,"3.83","4.53","-0.705"
"May, Dustin","669160","2026","342","237",0.25,0.24,0.010000000000000009,0.375,0.378,-0.0030000000000000027,0.303,0.301,0.0020000000000000018,"4.30","3.73","0.573"
"Peterson, David","656849","2026","339","241",0.289,0.271,0.01799999999999996,0.432,0.412,0.020000000000000018,0.346,0.339,0.006999999999999951,"5.86","4.84","1.024"
"Castillo, Luis","622491","2026","339","234",0.259,0.259,0,0.415,0.431,-0.016000000000000014,0.326,0.331,-0.0050000000000000044,"4.93","4.59","0.34"
"Rogers, Trevor","669432","2026","337","251",0.258,0.253,0.0050000000000000044,0.419,0.406,0.012999999999999956,0.32,0.313,0.007000000000000006,"4.99","4.06","0.932"
"Gray, Sonny","543243","2026","337","238",0.231,0.241,-0.009999999999999981,0.378,0.378,0,0.292,0.296,-0.0040000000000000036,"2.69","3.60","-0.911"
"Holmes, Grant","656550","2026","334","226",0.233,0.247,-0.013999999999999985,0.414,0.427,-0.013000000000000012,0.324,0.336,-0.01200000000000001,"3.96","4.75","-0.793"
"Houser, Adrian","605288","2026","333","253",0.282,0.275,0.006999999999999951,0.497,0.479,0.018000000000000016,0.363,0.356,0.007000000000000006,"5.38","5.42","-0.044"
"Soroka, Michael","647336","2026","333","232",0.233,0.249,-0.015999999999999986,0.359,0.408,-0.04899999999999999,0.284,0.309,-0.025000000000000022,"3.07","3.94","-0.867"
"McClanahan, Shane","663556","2026","332","224",0.217,0.247,-0.03,0.323,0.413,-0.08999999999999997,0.276,0.32,-0.043999999999999984,"3.05","4.26","-1.21"
"Corbin, Patrick","571578","2026","329","242",0.295,0.289,0.006000000000000005,0.475,0.469,0.006000000000000005,0.362,0.36,0.0020000000000000018,"5.11","5.56","-0.452"
"Flaherty, Jack","656427","2026","326","197",0.255,0.238,0.017000000000000015,0.432,0.391,0.04099999999999998,0.342,0.324,0.018000000000000016,"4.97","4.38","0.587"
"Mlodzinski, Carmen","669387","2026","317","228",0.269,0.279,-0.010000000000000009,0.395,0.431,-0.035999999999999976,0.322,0.34,-0.018000000000000016,"3.47","4.88","-1.412"
"Sproat, Brandon","687075","2026","316","196",0.241,0.24,0.0010000000000000009,0.442,0.408,0.03400000000000003,0.344,0.332,0.011999999999999955,"5.28","4.62","0.66"
"Pérez, Martín","527048","2026","313","220",0.214,0.253,-0.03900000000000001,0.377,0.397,-0.020000000000000018,0.294,0.323,-0.029000000000000026,"3.27","4.35","-1.077"
"Ureña, Walbert","700712","2026","313","202",0.219,0.205,0.014000000000000012,0.32,0.303,0.017000000000000015,0.294,0.283,0.01100000000000001,"3.14","3.27","-0.13"
"Ohtani, Shohei","660271","2026","313","197",0.171,0.201,-0.03,0.246,0.284,-0.03799999999999998,0.23,0.257,-0.026999999999999996,"1.58","2.68","-1.098"
"Arrighetti, Spencer","681293","2026","312","189",0.215,0.238,-0.022999999999999993,0.345,0.387,-0.04200000000000004,0.312,0.338,-0.026000000000000023,"4.00","4.81","-0.81"
"Sasaki, Roki","808963","2026","311","204",0.24,0.244,-0.0040000000000000036,0.451,0.423,0.028000000000000025,0.341,0.331,0.010000000000000009,"4.88","4.59","0.285"
"Young, Brandon","687064","2026","311","225",0.242,0.252,-0.010000000000000009,0.361,0.405,-0.04400000000000004,0.297,0.319,-0.02200000000000002,"3.11","4.23","-1.119"
"Lambert, Peter","663567","2026","310","206",0.209,0.211,-0.0020000000000000018,0.355,0.363,-0.008000000000000007,0.295,0.298,-0.0030000000000000027,"3.51","3.65","-0.139"
"Sheehan, Emmet","686218","2026","310","202",0.25,0.236,0.014000000000000012,0.479,0.413,0.066,0.343,0.314,0.029000000000000026,"5.08","4.08","0.998"
"Cabrera, Edward","665795","2026","309","213",0.262,0.263,-0.0010000000000000009,0.447,0.436,0.01100000000000001,0.341,0.338,0.0030000000000000027,"5.10","4.81","0.291"
"Harrison, Kyle","690986","2026","309","190",0.213,0.219,-0.006000000000000005,0.35,0.337,0.012999999999999956,0.276,0.273,0.0030000000000000027,"2.57","3.04","-0.469"
"Wheeler, Zack","554430","2026","308","202",0.193,0.212,-0.01899999999999999,0.33,0.334,-0.0040000000000000036,0.258,0.269,-0.01100000000000001,"2.36","2.94","-0.578"
"Civale, Aaron","650644","2026","306","235",0.311,0.281,0.02999999999999997,0.529,0.486,0.04300000000000004,0.381,0.353,0.028000000000000025,"5.05","5.32","-0.266"
"Tolle, Payton","801139","2026","305","206",0.216,0.216,0,0.36,0.348,0.01200000000000001,0.284,0.279,0.004999999999999949,"3.39","3.18","0.21"
"Pérez, Eury","691587","2026","302","183",0.213,0.22,-0.007000000000000006,0.426,0.441,-0.015000000000000013,0.325,0.334,-0.009000000000000008,"4.21","4.68","-0.469"
"Lauer, Eric","641778","2026","299","228",0.243,0.259,-0.016000000000000014,0.463,0.479,-0.01599999999999996,0.334,0.345,-0.010999999999999954,"4.84","5.04","-0.2"
"Painter, Andrew","691725","2026","299","219",0.316,0.272,0.043999999999999984,0.526,0.464,0.062,0.389,0.348,0.041000000000000036,"7.06","5.14","1.922"
"Kochanowicz, Jack","686799","2026","296","208",0.259,0.272,-0.013000000000000012,0.382,0.439,-0.056999999999999995,0.332,0.359,-0.02699999999999997,"6.19","5.53","0.658"
"Mahle, Tyler","641816","2026","287","194",0.273,0.248,0.025000000000000022,0.466,0.41,0.05600000000000005,0.353,0.322,0.030999999999999972,"5.67","4.32","1.35"
"Taillon, Jameson","592791","2026","287","203",0.248,0.253,-0.0050000000000000044,0.508,0.518,-0.010000000000000009,0.353,0.357,-0.0040000000000000036,"5.19","5.46","-0.273"
"Lowder, Rhett","695076","2026","285","196",0.267,0.274,-0.007000000000000006,0.418,0.462,-0.04400000000000004,0.343,0.36,-0.01699999999999996,"5.31","5.56","-0.246"
"Bello, Brayan","678394","2026","282","213",0.31,0.307,0.0030000000000000027,0.484,0.513,-0.029000000000000026,0.37,0.377,-0.007000000000000006,"6.34","6.21","0.134"
"Ober, Bailey","641927","2026","281","214",0.243,0.245,-0.0020000000000000018,0.444,0.446,-0.0020000000000000018,0.323,0.323,0,"4.59","4.35","0.24"
"Teng, Kai-Wei","678906","2026","280","182",0.241,0.248,-0.007000000000000006,0.416,0.398,0.01799999999999996,0.334,0.33,0.0040000000000000036,"4.36","4.56","-0.201"
"Phillips, Tyler","663969","2026","279","197",0.228,0.248,-0.01999999999999999,0.366,0.402,-0.03600000000000003,0.305,0.325,-0.020000000000000018,"3.02","4.41","-1.395"
"Manaea, Sean","640455","2026","279","187",0.26,0.248,0.01200000000000001,0.427,0.387,0.03999999999999998,0.333,0.313,0.020000000000000018,"4.71","4.06","0.654"
"Yesavage, Trey","702056","2026","274","181",0.185,0.197,-0.01200000000000001,0.336,0.325,0.01100000000000001,0.277,0.279,-0.0020000000000000018,"3.34","3.18","0.162"
"Prielipp, Connor","687570","2026","273","179",0.262,0.234,0.027999999999999997,0.401,0.394,0.007000000000000006,0.325,0.313,0.01200000000000001,"4.96","4.06","0.902"
"Severino, Luis","622663","2026","271","173",0.258,0.231,0.026999999999999996,0.432,0.388,0.043999999999999984,0.346,0.318,0.02799999999999997,"4.17","4.20","-0.035"
"Patrick, Chad","694477","2026","270","188",0.239,0.257,-0.018000000000000016,0.399,0.416,-0.01699999999999996,0.312,0.326,-0.014000000000000012,"3.72","4.44","-0.721"
"Paddack, Chris","663978","2026","267","206",0.314,0.28,0.033999999999999975,0.483,0.45,0.032999999999999974,0.37,0.343,0.02699999999999997,"6.79","4.98","1.809"
"Brown, Ben","676962","2026","265","179",0.186,0.222,-0.036000000000000004,0.248,0.335,-0.08700000000000002,0.228,0.279,-0.05100000000000002,"1.85","3.18","-1.327"
"Woods Richardson, Simeon","680573","2026","265","200",0.303,0.279,0.023999999999999966,0.496,0.467,0.02899999999999997,0.388,0.369,0.019000000000000017,"6.40","5.90","0.499"
"Bassitt, Chris","605135","2026","261","194",0.307,0.284,0.02300000000000002,0.447,0.407,0.040000000000000036,0.367,0.344,0.02300000000000002,"5.27","5.01","0.262"
"Junk, Janson","676083","2026","255","197",0.273,0.256,0.017000000000000015,0.441,0.411,0.030000000000000027,0.326,0.31,0.016000000000000014,"4.80","3.97","0.83"
"Skubal, Tarik","669373","2026","254","168",0.216,0.244,-0.027999999999999997,0.382,0.369,0.013000000000000012,0.274,0.282,-0.007999999999999952,"3.15","3.25","-0.098"
"Mize, Casey","663554","2026","253","170",0.208,0.214,-0.006000000000000005,0.339,0.335,0.0040000000000000036,0.26,0.263,-0.0030000000000000027,"2.63","2.81","-0.179"
"Jax, Griffin","643377","2026","248","169",0.252,0.278,-0.026000000000000023,0.432,0.483,-0.05099999999999999,0.325,0.354,-0.02899999999999997,"3.45","5.35","-1.9"
"McDonald, Trevor","686790","2026","248","169",0.236,0.241,-0.0050000000000000044,0.347,0.349,-0.0020000000000000018,0.302,0.306,-0.0040000000000000036,"4.42","3.86","0.561"
"Lopez, Jacob","682052","2026","243","172",0.294,0.231,0.06299999999999997,0.505,0.357,0.14800000000000002,0.386,0.311,0.07500000000000001,"6.75","4.00","2.75"
"Drohan, Shane","675660","2026","241","163",0.241,0.23,0.010999999999999982,0.373,0.355,0.018000000000000016,0.297,0.285,0.01200000000000001,"3.12","3.32","-0.199"
"Fried, Max","608331","2026","240","169",0.199,0.205,-0.005999999999999978,0.255,0.269,-0.014000000000000012,0.241,0.253,-0.01200000000000001,"3.21","2.60","0.611"
"Lord, Brad","695418","2026","239","161",0.217,0.239,-0.021999999999999992,0.325,0.376,-0.05099999999999999,0.28,0.307,-0.02699999999999997,"3.18","3.89","-0.714"
"Agnos, Zach","688642","2026","238","177",0.304,0.292,0.01200000000000001,0.522,0.484,0.038000000000000034,0.383,0.369,0.014000000000000012,"7.36","5.90","1.464"
"Blubaugh, AJ","805123","2026","236","153",0.201,0.218,-0.016999999999999987,0.332,0.362,-0.02999999999999997,0.284,0.312,-0.028000000000000025,"3.35","4.03","-0.675"
"Lodolo, Nick","666157","2026","231","158",0.281,0.287,-0.00599999999999995,0.464,0.469,-0.004999999999999949,0.364,0.374,-0.010000000000000009,"5.05","6.09","-1.038"
"Matz, Steven","571927","2026","230","169",0.266,0.29,-0.023999999999999966,0.493,0.5,-0.007000000000000006,0.352,0.366,-0.014000000000000012,"6.28","5.79","0.493"
"Matthews, Zebby","805673","2026","229","169",0.243,0.244,-0.0010000000000000009,0.439,0.455,-0.016000000000000014,0.316,0.32,-0.0040000000000000036,"4.15","4.26","-0.106"
"Anderson, Drew","623454","2026","228","139",0.248,0.208,0.04000000000000001,0.421,0.332,0.08899999999999997,0.326,0.279,0.046999999999999986,"4.27","3.18","1.092"
"Perkins, Jack","678022","2026","228","142",0.252,0.233,0.01899999999999999,0.401,0.366,0.03500000000000003,0.324,0.303,0.02100000000000002,"6.00","3.78","2.22"
"Irvin, Jake","663623","2026","228","142",0.241,0.248,-0.007000000000000006,0.397,0.457,-0.06,0.326,0.349,-0.022999999999999965,"5.23","5.18","0.046"
"Ashby, Aaron","676879","2026","221","123",0.225,0.199,0.025999999999999995,0.325,0.285,0.040000000000000036,0.293,0.268,0.024999999999999967,"3.16","2.92","0.236"
"Feltner, Ryan","663372","2026","220","164",0.231,0.266,-0.035,0.432,0.472,-0.03999999999999998,0.322,0.35,-0.02799999999999997,"4.42","5.21","-0.795"
"López, Reynaldo","625643","2026","219","149",0.232,0.257,-0.024999999999999994,0.387,0.417,-0.02999999999999997,0.31,0.331,-0.02100000000000002,"3.31","4.59","-1.28"
"Miles, Spencer","693686","2026","217","145",0.196,0.233,-0.037000000000000005,0.276,0.344,-0.06799999999999995,0.244,0.284,-0.03999999999999998,"2.83","3.29","-0.457"
"Holmes, Clay","605280","2026","215","150",0.206,0.251,-0.04500000000000001,0.294,0.366,-0.07200000000000001,0.259,0.306,-0.046999999999999986,"2.39","3.86","-1.468"
"Imai, Tatsuya","837227","2026","215","121",0.228,0.231,-0.0030000000000000027,0.389,0.41,-0.020999999999999963,0.334,0.34,-0.006000000000000005,"6.14","4.88","1.265"
"Kolek, Stephen","663568","2026","213","166",0.255,0.263,-0.008000000000000007,0.435,0.383,0.05199999999999999,0.321,0.304,0.017000000000000015,"4.15","3.81","0.344"
"Ramírez, Yohan","670990","2026","211","120",0.211,0.224,-0.013000000000000012,0.343,0.31,0.03300000000000003,0.303,0.297,0.006000000000000005,"3.59","3.62","-0.033"
"Canning, Griffin","656288","2026","211","135",0.279,0.254,0.025000000000000022,0.464,0.42,0.04400000000000004,0.371,0.345,0.026000000000000023,"7.08","5.04","2.045"
"Seymour, Ian","693855","2026","207","132",0.207,0.206,0.0010000000000000009,0.385,0.363,0.02200000000000002,0.291,0.286,0.0050000000000000044,"4.32","3.34","0.98"
"Assad, Javier","665871","2026","207","162",0.237,0.274,-0.03700000000000003,0.432,0.454,-0.02200000000000002,0.313,0.339,-0.026000000000000023,"4.53","4.84","-0.311"
"Watson, Ryan","670245","2026","207","150",0.251,0.287,-0.035999999999999976,0.437,0.512,-0.07500000000000001,0.335,0.379,-0.043999999999999984,"4.72","6.29","-1.57"
"Bubic, Kris","663460","2026","207","129",0.2,0.24,-0.03999999999999998,0.322,0.395,-0.07300000000000001,0.287,0.328,-0.041000000000000036,"4.11","4.50","-0.387"
"Avila, Luinder","679883","2026","206","132",0.276,0.233,0.04300000000000001,0.437,0.38,0.056999999999999995,0.365,0.331,0.033999999999999975,"5.40","4.59","0.81"
"Suter, Brent","608718","2026","206","147",0.265,0.259,0.006000000000000005,0.423,0.397,0.025999999999999968,0.323,0.311,0.01200000000000001,"4.59","4.00","0.592"
"Scott, Christian","681035","2026","196","117",0.229,0.248,-0.01899999999999999,0.371,0.394,-0.02300000000000002,0.318,0.332,-0.014000000000000012,"3.20","4.62","-1.42"
"Suarez, José","660761","2026","196","125",0.3,0.244,0.055999999999999994,0.429,0.317,0.11199999999999999,0.359,0.295,0.064,"5.02","3.57","1.453"
"Newcomb, Sean","656794","2026","196","129",0.199,0.246,-0.046999999999999986,0.295,0.348,-0.05299999999999999,0.256,0.297,-0.04099999999999998,"2.54","3.62","-1.083"
"Rodón, Carlos","607074","2026","194","115",0.195,0.213,-0.017999999999999988,0.305,0.324,-0.019000000000000017,0.281,0.297,-0.01599999999999996,"3.30","3.62","-0.318"
"Pfaadt, Brandon","694297","2026","190","136",0.259,0.248,0.01100000000000001,0.476,0.45,0.025999999999999968,0.352,0.341,0.010999999999999954,"5.40","4.91","0.49"
"Dollander, Chase","801403","2026","189","121",0.238,0.217,0.02099999999999999,0.409,0.387,0.021999999999999964,0.32,0.307,0.013000000000000012,"3.89","3.89","-0.004"
"Schultz, Noah","702273","2026","186","116",0.209,0.245,-0.036000000000000004,0.392,0.435,-0.04299999999999998,0.327,0.357,-0.02999999999999997,"5.86","5.46","0.4"
"Gordon, Tanner","685299","2026","182","133",0.331,0.262,0.069,0.574,0.473,0.10099999999999998,0.401,0.333,0.068,"6.69","4.65","2.044"
"Marinaccio, Ron","676760","2026","182","127",0.267,0.258,0.009000000000000008,0.478,0.425,0.05299999999999999,0.363,0.339,0.023999999999999966,"4.93","4.84","0.089"
"Quintana, Jose","500779","2026","181","143",0.288,0.275,0.012999999999999956,0.5,0.441,0.059,0.364,0.343,0.020999999999999963,"5.27","4.98","0.288"
"Bachar, Lake","669199","2026","181","112",0.177,0.193,-0.016000000000000014,0.297,0.311,-0.014000000000000012,0.257,0.272,-0.015000000000000013,"3.00","3.01","-0.01"
"Myers, Tobias","668964","2026","180","136",0.277,0.259,0.018000000000000016,0.512,0.406,0.10599999999999998,0.357,0.312,0.044999999999999984,"6.21","4.03","2.184"
"Fisher, Braydon","680755","2026","180","114",0.194,0.22,-0.025999999999999995,0.348,0.369,-0.02100000000000002,0.286,0.311,-0.025000000000000022,"3.40","4.00","-0.6"
"Peralta, Wandy","593974","2026","179","131",0.226,0.25,-0.023999999999999994,0.321,0.362,-0.04099999999999998,0.287,0.311,-0.02400000000000002,"1.62","4.00","-2.376"
"Harris, Hogan","663687","2026","179","100",0.24,0.191,0.04899999999999999,0.353,0.28,0.07299999999999995,0.321,0.277,0.043999999999999984,"3.46","3.13","0.332"
"Ritchie, JR","702275","2026","178","113",0.221,0.234,-0.013000000000000012,0.396,0.39,0.006000000000000005,0.33,0.332,-0.0020000000000000018,"4.87","4.62","0.249"
"Parker, Mitchell","680730","2026","178","129",0.289,0.273,0.01599999999999996,0.503,0.462,0.04099999999999998,0.371,0.347,0.02400000000000002,"6.58","5.11","1.47"
"Senzatela, Antonio","622608","2026","178","127",0.228,0.237,-0.00899999999999998,0.346,0.356,-0.010000000000000009,0.282,0.289,-0.007000000000000006,"3.07","3.42","-0.352"
"Mejia, Juan","675848","2026","178","114",0.281,0.25,0.031000000000000028,0.392,0.381,0.01100000000000001,0.34,0.322,0.018000000000000016,"6.28","4.32","1.964"
"Orze, Eric","679358","2026","177","122",0.263,0.241,0.02200000000000002,0.375,0.351,0.02400000000000002,0.314,0.299,0.015000000000000013,"5.08","3.67","1.407"
"Taylor, Grant","691799","2026","177","103",0.215,0.184,0.031,0.319,0.279,0.03999999999999998,0.26,0.235,0.025000000000000022,"2.70","2.25","0.45"
"Varland, Louis","686973","2026","177","100",0.19,0.182,0.008000000000000007,0.239,0.243,-0.0040000000000000036,0.222,0.219,0.0030000000000000027,"0.98","1.96","-0.982"
"Burke, Brock","656271","2026","175","113",0.212,0.242,-0.03,0.363,0.405,-0.04200000000000004,0.306,0.334,-0.028000000000000025,"3.12","4.68","-1.556"
"Gómez, Yoendrys","672782","2026","174","117",0.212,0.239,-0.026999999999999996,0.371,0.454,-0.08300000000000002,0.299,0.344,-0.044999999999999984,"3.57","5.01","-1.44"
"Alvarez, Andrew","674841","2026","174","109",0.261,0.258,0.0030000000000000027,0.389,0.371,0.018000000000000016,0.321,0.313,0.008000000000000007,"3.05","4.06","-1.012"
"Zeferjahn, Ryan","666171","2026","173","83",0.154,0.168,-0.014000000000000012,0.272,0.27,0.0020000000000000018,0.28,0.286,-0.00599999999999995,"4.12","3.34","0.779"
"Morejon, Adrian","670970","2026","173","112",0.216,0.208,0.008000000000000007,0.284,0.275,0.008999999999999952,0.245,0.238,0.007000000000000006,"3.32","2.30","1.023"
"McCullers Jr., Lance","621121","2026","172","105",0.257,0.238,0.019000000000000017,0.486,0.391,0.09499999999999997,0.37,0.329,0.04099999999999998,"6.86","4.53","2.334"
"Bruihl, Justin","677865","2026","172","124",0.278,0.267,0.01100000000000001,0.375,0.368,0.007000000000000006,0.326,0.328,-0.0020000000000000018,"4.10","4.50","-0.402"
"Morris, Andrew","702193","2026","171","116",0.275,0.224,0.05100000000000002,0.359,0.315,0.043999999999999984,0.309,0.272,0.03699999999999998,"3.89","3.01","0.88"
"Medina, Luis","665622","2026","171","103",0.259,0.229,0.03,0.408,0.391,0.01699999999999996,0.333,0.315,0.018000000000000016,"3.96","4.11","-0.153"
"Brubaker, JT","664141","2026","171","124",0.208,0.257,-0.049000000000000016,0.315,0.422,-0.10699999999999998,0.275,0.332,-0.056999999999999995,"2.74","4.62","-1.878"
"Holton, Tyler","663947","2026","170","125",0.287,0.261,0.025999999999999968,0.446,0.372,0.07400000000000001,0.343,0.303,0.040000000000000036,"3.40","3.78","-0.377"
"Headrick, Brent","687396","2026","170","111",0.219,0.229,-0.010000000000000009,0.311,0.342,-0.031000000000000028,0.272,0.286,-0.013999999999999957,"1.52","3.34","-1.816"
"Hoffman, Jeff","656546","2026","169","91",0.273,0.208,0.06500000000000003,0.42,0.323,0.09699999999999998,0.332,0.275,0.056999999999999995,"4.54","3.08","1.46"
"Rogers, Tyler","643511","2026","167","133",0.238,0.244,-0.006000000000000005,0.285,0.297,-0.01200000000000001,0.254,0.262,-0.008000000000000007,"1.81","2.79","-0.975"
"Melton, Troy","675512","2026","167","123",0.162,0.216,-0.05399999999999999,0.331,0.347,-0.01599999999999996,0.244,0.274,-0.030000000000000027,"2.04","3.06","-1.015"
"Blackburn, Paul","621112","2026","166","124",0.23,0.245,-0.014999999999999986,0.316,0.36,-0.043999999999999984,0.277,0.297,-0.019999999999999962,"2.40","3.62","-1.225"
"Finnegan, Kyle","640448","2026","165","110",0.237,0.231,0.005999999999999978,0.374,0.361,0.013000000000000012,0.33,0.322,0.008000000000000007,"2.06","4.32","-2.261"
"Strider, Spencer","675911","2026","165","98",0.232,0.188,0.04400000000000001,0.5,0.359,0.14100000000000001,0.355,0.291,0.064,"5.31","3.47","1.838"
"Svanson, Matt","694335","2026","164","110",0.285,0.295,-0.010000000000000009,0.444,0.474,-0.02999999999999997,0.362,0.374,-0.01200000000000001,"7.20","6.09","1.11"
"Scholtens, Jesse","669947","2026","164","120",0.248,0.271,-0.02300000000000002,0.477,0.466,0.010999999999999954,0.338,0.346,-0.007999999999999952,"3.82","5.08","-1.257"
"Suárez, Albert","544150","2026","163","122",0.242,0.256,-0.014000000000000012,0.463,0.433,0.030000000000000027,0.33,0.328,0.0020000000000000018,"3.63","4.50","-0.87"
"Brazobán, Huascar","623211","2026","163","106",0.155,0.192,-0.037000000000000005,0.246,0.263,-0.017000000000000015,0.231,0.253,-0.021999999999999992,"1.94","2.60","-0.656"
"Miller, Bryce","682243","2026","163","104",0.178,0.191,-0.013000000000000012,0.344,0.338,0.00599999999999995,0.234,0.237,-0.002999999999999975,"1.97","2.28","-0.309"
"Hudson, Bryan","663542","2026","163","108",0.254,0.24,0.014000000000000012,0.306,0.334,-0.028000000000000025,0.291,0.296,-0.0050000000000000044,"2.35","3.60","-1.252"
"Gibson, Trey","694346","2026","161","105",0.284,0.291,-0.007000000000000006,0.478,0.487,-0.009000000000000008,0.385,0.391,-0.006000000000000005,"7.36","6.79","0.574"
"Lange, Alex","656638","2026","161","99",0.244,0.238,0.006000000000000005,0.37,0.392,-0.02200000000000002,0.332,0.335,-0.0030000000000000027,"4.95","4.72","0.234"
"Cole, Gerrit","543037","2026","160","113",0.245,0.238,0.007000000000000006,0.449,0.369,0.08000000000000002,0.324,0.292,0.03200000000000003,"4.06","3.49","0.572"
"Smith, Cade","671922","2026","160","92",0.247,0.225,0.021999999999999992,0.37,0.381,-0.01100000000000001,0.289,0.291,-0.0020000000000000018,"3.05","3.47","-0.418"
"Woodruff, Brandon","605540","2026","160","109",0.176,0.204,-0.027999999999999997,0.297,0.356,-0.059,0.229,0.264,-0.035,"2.59","2.83","-0.238"
"Jump, Gage","695611","2026","160","108",0.24,0.247,-0.007000000000000006,0.315,0.365,-0.04999999999999999,0.274,0.294,-0.019999999999999962,"2.92","3.54","-0.615"
"Sterner, Justin","686993","2026","158","109",0.24,0.208,0.032,0.438,0.351,0.08700000000000002,0.307,0.261,0.045999999999999985,"3.96","2.77","1.187"
"Graceffo, Gordon","700669","2026","158","119",0.195,0.281,-0.08600000000000002,0.338,0.524,-0.186,0.285,0.383,-0.09800000000000003,"3.43","6.45","-3.018"
"Okert, Steven","595345","2026","158","106",0.176,0.194,-0.018000000000000016,0.296,0.335,-0.039000000000000035,0.246,0.268,-0.02200000000000002,"2.42","2.92","-0.505"
"Webb, Jacob","657097","2026","158","99",0.245,0.252,-0.007000000000000006,0.385,0.414,-0.02899999999999997,0.308,0.321,-0.013000000000000012,"3.47","4.29","-0.822"
"Romero, JoJo","668941","2026","158","107",0.255,0.27,-0.015000000000000013,0.404,0.434,-0.02999999999999997,0.322,0.337,-0.015000000000000013,"3.89","4.78","-0.888"
"Wells, Tyler","669330","2026","158","106",0.228,0.231,-0.0030000000000000027,0.393,0.41,-0.01699999999999996,0.29,0.3,-0.010000000000000009,"3.18","3.70","-0.524"
"De Los Santos, Enyel","660853","2026","157","113",0.247,0.243,0.0040000000000000036,0.411,0.409,0.0020000000000000018,0.304,0.3,0.0040000000000000036,"4.78","3.70","1.079"
"Santana, Dennis","642701","2026","157","104",0.235,0.254,-0.019000000000000017,0.419,0.41,0.009000000000000008,0.334,0.337,-0.0030000000000000027,"5.09","4.78","0.314"
"Sulser, Cole","642121","2026","157","108",0.289,0.268,0.020999999999999963,0.472,0.499,-0.027000000000000024,0.347,0.347,0,"5.30","5.11","0.189"
"Banda, Anthony","607455","2026","156","100",0.235,0.234,0.0009999999999999731,0.402,0.374,0.028000000000000025,0.335,0.325,0.010000000000000009,"4.46","4.41","0.046"
"Ferrer, José A.","678606","2026","156","114",0.275,0.217,0.058000000000000024,0.359,0.314,0.044999999999999984,0.31,0.266,0.043999999999999984,"2.50","2.88","-0.38"
"Bachman, Sam","696147","2026","156","97",0.193,0.211,-0.017999999999999988,0.356,0.325,0.030999999999999972,0.297,0.294,0.0030000000000000027,"3.35","3.54","-0.195"
"Bazardo, Eduard","660825","2026","156","108",0.263,0.259,0.0040000000000000036,0.372,0.398,-0.026000000000000023,0.304,0.321,-0.017000000000000015,"2.17","4.29","-2.12"
"King, Bryan","687911","2026","154","108",0.224,0.241,-0.016999999999999987,0.291,0.314,-0.02300000000000002,0.275,0.291,-0.01599999999999996,"2.19","3.47","-1.281"
"Moll, Sam","594580","2026","154","92",0.216,0.217,-0.0010000000000000009,0.352,0.351,0.0010000000000000009,0.309,0.324,-0.015000000000000013,"4.15","4.38","-0.226"
"Senga, Kodai","673540","2026","154","91",0.273,0.235,0.038000000000000034,0.547,0.418,0.12900000000000006,0.404,0.345,0.05900000000000005,"9.09","5.04","4.052"
"Faucher, Calvin","676534","2026","154","93",0.216,0.245,-0.028999999999999998,0.264,0.334,-0.07,0.288,0.322,-0.03400000000000003,"3.38","4.32","-0.945"
"Gasser, Robert","688107","2026","154","102",0.243,0.206,0.037000000000000005,0.471,0.347,0.124,0.343,0.283,0.06000000000000005,"4.54","3.27","1.272"
"Festa, Matt","670036","2026","153","103",0.245,0.237,0.008000000000000007,0.432,0.403,0.02899999999999997,0.323,0.307,0.016000000000000014,"3.79","3.89","-0.105"
"Barlow, Scott","605130","2026","153","97",0.21,0.236,-0.025999999999999995,0.435,0.448,-0.013000000000000012,0.342,0.359,-0.01699999999999996,"6.48","5.53","0.95"
"Mayza, Tim","641835","2026","153","106",0.21,0.234,-0.02400000000000002,0.336,0.364,-0.02799999999999997,0.26,0.28,-0.020000000000000018,"2.79","3.20","-0.407"
"Kilian, Caleb","668873","2026","153","91",0.211,0.225,-0.014000000000000012,0.338,0.376,-0.03799999999999998,0.285,0.303,-0.018000000000000016,"4.00","3.78","0.22"
"Cruz, Fernando","518585","2026","153","84",0.192,0.178,0.014000000000000012,0.285,0.29,-0.0050000000000000044,0.274,0.268,0.006000000000000005,"2.46","2.92","-0.465"
"Sisk, Evan","681895","2026","152","90",0.231,0.192,0.03900000000000001,0.338,0.279,0.059,0.303,0.265,0.03799999999999998,"2.23","2.86","-0.631"
"Latz, Jacob","656641","2026","152","100",0.12,0.182,-0.062,0.225,0.322,-0.097,0.175,0.246,-0.07100000000000001,"1.71","2.46","-0.746"
"Soriano, George","666277","2026","151","105",0.205,0.232,-0.027000000000000024,0.356,0.424,-0.068,0.281,0.327,-0.045999999999999985,"3.47","4.47","-1.002"
"Kuhnel, Joel","669270","2026","151","113",0.278,0.289,-0.010999999999999954,0.466,0.432,0.03400000000000003,0.354,0.35,0.0040000000000000036,"4.72","5.21","-0.492"
"Ragans, Cole","666142","2026","151","83",0.213,0.218,-0.0050000000000000044,0.488,0.452,0.035999999999999976,0.355,0.344,0.01100000000000001,"4.84","5.01","-0.17"
"Alexander, Tyler","641302","2026","151","109",0.267,0.223,0.04400000000000001,0.356,0.308,0.04799999999999999,0.307,0.269,0.03799999999999998,"2.55","2.94","-0.393"
"O'Brien, Riley","676617","2026","150","99",0.231,0.25,-0.01899999999999999,0.308,0.379,-0.07100000000000001,0.288,0.324,-0.03600000000000003,"3.82","4.38","-0.559"
"Lawrence, Justin","664875","2026","150","85",0.27,0.274,-0.0040000000000000036,0.541,0.463,0.07800000000000001,0.41,0.385,0.024999999999999967,"7.76","6.53","1.229"
"Milner, Hoby","571948","2026","149","119",0.256,0.296,-0.03999999999999998,0.398,0.451,-0.05299999999999999,0.31,0.351,-0.04099999999999998,"3.53","5.25","-1.717"
"Kelly, Kevin","687330","2026","149","110",0.207,0.278,-0.07100000000000004,0.321,0.413,-0.09199999999999997,0.254,0.32,-0.066,"2.52","4.26","-1.743"
"Fluharty, Mason","689254","2026","149","92",0.271,0.195,0.07600000000000001,0.403,0.315,0.08800000000000002,0.335,0.269,0.066,"4.59","2.94","1.65"
"Quantrill, Cal","615698","2026","149","109",0.241,0.259,-0.018000000000000016,0.368,0.448,-0.08000000000000002,0.304,0.338,-0.03400000000000003,"3.31","4.81","-1.499"
"Rodriguez, Bradgley","699134","2026","148","102",0.226,0.199,0.026999999999999996,0.308,0.28,0.02799999999999997,0.266,0.243,0.02300000000000002,"2.06","2.40","-0.343"
"Glasnow, Tyler","607192","2026","148","86",0.149,0.18,-0.031,0.313,0.324,-0.01100000000000001,0.235,0.252,-0.017000000000000015,"2.72","2.58","0.143"
"Farris, Mitch","815083","2026","148","95",0.264,0.256,0.008000000000000007,0.488,0.454,0.033999999999999975,0.37,0.355,0.015000000000000013,"3.93","5.39","-1.458"
"Varland, Gus","681402","2026","148","103",0.318,0.293,0.025000000000000022,0.566,0.551,0.014999999999999902,0.4,0.387,0.013000000000000012,"6.25","6.62","-0.367"
"Bednar, David","670280","2026","148","95",0.231,0.217,0.014000000000000012,0.336,0.306,0.030000000000000027,0.281,0.267,0.014000000000000012,"3.09","2.90","0.186"
"Nunez, Anthony","689296","2026","148","95",0.229,0.232,-0.0030000000000000027,0.405,0.414,-0.008999999999999952,0.312,0.315,-0.0030000000000000027,"4.98","4.11","0.871"
"Erceg, Lucas","668674","2026","147","100",0.288,0.244,0.043999999999999984,0.432,0.342,0.08999999999999997,0.37,0.32,0.04999999999999999,"5.24","4.26","0.975"
"Kerkering, Orion","689147","2026","147","89",0.183,0.18,0.0030000000000000027,0.317,0.284,0.03300000000000003,0.281,0.268,0.013000000000000012,"2.62","2.92","-0.299"
"Lovelady, Richard","663992","2026","146","95",0.286,0.282,0.0040000000000000036,0.445,0.423,0.02200000000000002,0.371,0.361,0.010000000000000009,"3.86","5.60","-1.743"
"Petersen, Michael","656848","2026","146","87",0.183,0.199,-0.016000000000000014,0.321,0.394,-0.07300000000000001,0.262,0.294,-0.03199999999999997,"3.22","3.54","-0.32"
"Yarbrough, Ryan","642232","2026","145","103",0.205,0.209,-0.0040000000000000036,0.299,0.285,0.014000000000000012,0.273,0.267,0.006000000000000005,"4.24","2.90","1.335"
"Bernardino, Brennan","657514","2026","145","106",0.264,0.26,0.0040000000000000036,0.388,0.386,0.0020000000000000018,0.311,0.308,0.0030000000000000027,"3.48","3.92","-0.445"
"Boyd, Matthew","571510","2026","145","97",0.276,0.265,0.01100000000000001,0.433,0.451,-0.018000000000000016,0.336,0.335,0.0010000000000000009,"5.08","4.72","0.359"
"Soto, Gregory","642397","2026","144","85",0.19,0.211,-0.02099999999999999,0.333,0.319,0.014000000000000012,0.281,0.285,-0.003999999999999948,"4.37","3.32","1.051"
"Alvarado, José","621237","2026","144","86",0.302,0.23,0.07199999999999998,0.452,0.343,0.10899999999999999,0.366,0.295,0.07100000000000001,"5.70","3.57","2.13"
"Legumina, Casey","668984","2026","144","109",0.287,0.283,0.0040000000000000036,0.403,0.41,-0.006999999999999951,0.322,0.326,-0.0040000000000000036,"3.15","4.44","-1.294"
"Junis, Jakob","596001","2026","143","107",0.224,0.263,-0.03900000000000001,0.306,0.387,-0.08100000000000002,0.258,0.303,-0.044999999999999984,"2.80","3.78","-0.978"
"Rogers, Taylor","573124","2026","143","102",0.307,0.264,0.04299999999999998,0.457,0.402,0.05499999999999999,0.362,0.331,0.030999999999999972,"5.97","4.59","1.378"
"Montgomery, Mason","682254","2026","143","81",0.236,0.22,0.015999999999999986,0.386,0.352,0.03400000000000003,0.316,0.296,0.020000000000000018,"4.68","3.60","1.084"
"Schultz, Paxton","687606","2026","143","99",0.305,0.264,0.04099999999999998,0.477,0.449,0.02799999999999997,0.363,0.335,0.02799999999999997,"5.87","4.72","1.15"
"Kikuchi, Yusei","579328","2026","142","94",0.282,0.258,0.023999999999999966,0.444,0.446,-0.0020000000000000018,0.347,0.34,0.006999999999999951,"5.81","4.88","0.926"
"Poulin, PJ","676571","2026","142","100",0.205,0.26,-0.05500000000000002,0.361,0.455,-0.09400000000000003,0.304,0.359,-0.05499999999999999,"2.88","5.53","-2.647"
"Stanek, Ryne","592773","2026","142","85",0.246,0.223,0.022999999999999993,0.426,0.392,0.033999999999999975,0.341,0.317,0.02400000000000002,"5.12","4.17","0.946"
"Pérez, Cionel","672335","2026","142","102",0.271,0.291,-0.019999999999999962,0.426,0.531,-0.10500000000000004,0.338,0.381,-0.04299999999999998,"5.73","6.37","-0.643"
"Clarke, Taylor","664199","2026","141","110",0.175,0.254,-0.07900000000000001,0.294,0.459,-0.16500000000000004,0.233,0.333,-0.1,"2.17","4.65","-2.48"
"Morán, Jovani","663558","2026","141","82",0.165,0.179,-0.013999999999999985,0.322,0.319,0.0030000000000000027,0.264,0.269,-0.0050000000000000044,"3.12","2.94","0.175"
"Klein, Will","694361","2026","140","89",0.264,0.245,0.019000000000000017,0.336,0.322,0.014000000000000012,0.304,0.289,0.015000000000000013,"2.50","3.42","-0.915"
"Lynch IV, Daniel","663738","2026","140","97",0.19,0.224,-0.034,0.31,0.34,-0.030000000000000027,0.258,0.284,-0.025999999999999968,"2.65","3.29","-0.643"
"Bender, Anthony","669622","2026","140","84",0.169,0.194,-0.024999999999999994,0.226,0.284,-0.05799999999999997,0.225,0.254,-0.028999999999999998,"2.62","2.62","0.001"
"Warren, Austin","681810","2026","139","86",0.215,0.25,-0.035,0.372,0.401,-0.029000000000000026,0.305,0.329,-0.02400000000000002,"2.46","4.53","-2.075"
"Weissert, Greg","669711","2026","139","95",0.248,0.221,0.026999999999999996,0.4,0.355,0.04500000000000004,0.311,0.286,0.025000000000000022,"4.17","3.34","0.835"
"Doval, Camilo","666808","2026","139","97",0.246,0.22,0.025999999999999995,0.405,0.341,0.064,0.301,0.267,0.033999999999999975,"4.96","2.90","2.059"
"Weaver, Luke","596133","2026","138","89",0.159,0.198,-0.03900000000000001,0.23,0.333,-0.10300000000000001,0.206,0.26,-0.05400000000000002,"2.00","2.75","-0.75"
"Crochet, Garrett","676979","2026","138","86",0.27,0.262,0.008000000000000007,0.467,0.442,0.025000000000000022,0.359,0.344,0.015000000000000013,"6.30","5.01","1.29"
"Giolito, Lucas","608337","2026","138","96",0.281,0.262,0.019000000000000017,0.412,0.406,0.00599999999999995,0.37,0.358,0.01200000000000001,"5.16","5.49","-0.333"
"Silseth, Chase","681217","2026","138","81",0.231,0.209,0.02200000000000002,0.359,0.346,0.013000000000000012,0.311,0.296,0.015000000000000013,"2.87","3.60","-0.728"
"King, John","667463","2026","137","96",0.145,0.206,-0.061,0.242,0.347,-0.10499999999999998,0.209,0.273,-0.06400000000000003,"1.95","3.04","-1.094"
"Banks, Tanner","621383","2026","137","93",0.328,0.258,0.07,0.484,0.397,0.08699999999999997,0.379,0.316,0.063,"5.86","4.14","1.715"
"Lee, Dylan","669276","2026","137","86",0.138,0.171,-0.033,0.231,0.253,-0.021999999999999992,0.176,0.206,-0.03,"0.95","1.74","-0.793"
"Dreyer, Jack","676263","2026","137","87",0.214,0.222,-0.008000000000000007,0.389,0.373,0.016000000000000014,0.288,0.284,0.0040000000000000036,"3.41","3.29","0.118"
"Morillo, Juan","666661","2026","135","79",0.188,0.173,0.015000000000000013,0.282,0.269,0.012999999999999956,0.253,0.242,0.01100000000000001,"2.78","2.38","0.404"
"Schreiber, John","670167","2026","135","96",0.252,0.264,-0.01200000000000001,0.454,0.436,0.018000000000000016,0.328,0.325,0.0030000000000000027,"3.27","4.41","-1.137"
"Garcia, Rico","670329","2026","135","85",0.153,0.211,-0.057999999999999996,0.315,0.364,-0.04899999999999999,0.236,0.278,-0.04200000000000004,"2.52","3.15","-0.627"
"Raley, Brooks","548384","2026","134","84",0.224,0.229,-0.0050000000000000044,0.353,0.356,-0.0030000000000000027,0.298,0.303,-0.0050000000000000044,"2.32","3.78","-1.457"
"De Jesus, Enmanuel","646241","2026","134","90",0.227,0.236,-0.00899999999999998,0.319,0.368,-0.04899999999999999,0.282,0.303,-0.02100000000000002,"3.98","3.78","0.199"
"Adam, Jason","592094","2026","134","102",0.242,0.224,0.017999999999999988,0.403,0.371,0.03200000000000003,0.309,0.288,0.02100000000000002,"2.50","3.39","-0.885"
"Santillan, Tony","663574","2026","134","92",0.248,0.253,-0.0050000000000000044,0.496,0.476,0.020000000000000018,0.355,0.348,0.007000000000000006,"5.23","5.14","0.086"
"Anderson, Grant","681982","2026","134","92",0.214,0.218,-0.0040000000000000036,0.419,0.36,0.059,0.315,0.297,0.018000000000000016,"3.44","3.62","-0.179"
"Abreu, Bryan","650556","2026","134","69",0.231,0.215,0.016000000000000014,0.471,0.391,0.07999999999999996,0.384,0.352,0.03200000000000003,"5.90","5.28","0.617"
"Megill, Trevor","656730","2026","133","79",0.192,0.178,0.014000000000000012,0.25,0.278,-0.028000000000000025,0.226,0.229,-0.0030000000000000027,"3.27","2.14","1.133"
"Phillips, Connor","683175","2026","133","74",0.208,0.24,-0.032,0.356,0.407,-0.05099999999999999,0.347,0.377,-0.030000000000000027,"5.53","6.21","-0.68"
"Aldegheri, Sam","691951","2026","133","99",0.259,0.273,-0.014000000000000012,0.414,0.432,-0.018000000000000016,0.326,0.345,-0.01899999999999996,"4.85","5.04","-0.186"
"Muñoz, Andrés","662253","2026","132","71",0.222,0.228,-0.006000000000000005,0.35,0.367,-0.017000000000000015,0.294,0.306,-0.01200000000000001,"4.75","3.86","0.887"
"Miller, Mason","695243","2026","132","53",0.136,0.117,0.019000000000000003,0.136,0.15,-0.013999999999999985,0.177,0.173,0.0040000000000000036,"0.78","1.26","-0.481"
"Ginkel, Kevin","656464","2026","132","85",0.233,0.227,0.006000000000000005,0.4,0.392,0.008000000000000007,0.302,0.3,0.0020000000000000018,"3.06","3.70","-0.638"
"Fuentes, Didier","800311","2026","132","82",0.207,0.222,-0.015000000000000013,0.276,0.319,-0.04299999999999998,0.254,0.277,-0.02300000000000002,"2.50","3.13","-0.625"
"Uribe, Abner","682842","2026","131","88",0.193,0.213,-0.01999999999999999,0.286,0.285,0.0010000000000000009,0.242,0.25,-0.008000000000000007,"3.00","2.54","0.46"
"Keller, Brad","641745","2026","131","86",0.252,0.23,0.021999999999999992,0.374,0.319,0.05499999999999999,0.314,0.286,0.028000000000000025,"4.15","3.34","0.814"
"Weiss, Ryan","680802","2026","131","81",0.315,0.269,0.045999999999999985,0.568,0.488,0.07999999999999996,0.427,0.379,0.04799999999999999,"7.62","6.29","1.325"
"Maton, Phil","664208","2026","130","79",0.299,0.288,0.01100000000000001,0.514,0.487,0.027000000000000024,0.398,0.389,0.009000000000000008,"6.08","6.70","-0.625"
"Nance, Tommy","667297","2026","129","84",0.226,0.249,-0.022999999999999993,0.322,0.39,-0.068,0.276,0.309,-0.032999999999999974,"3.48","3.94","-0.456"
"Herrin, Tim","682120","2026","129","82",0.222,0.193,0.028999999999999998,0.374,0.316,0.057999999999999996,0.315,0.302,0.013000000000000012,"3.07","3.75","-0.682"
"Bennett, Jake","687562","2026","129","96",0.239,0.211,0.027999999999999997,0.325,0.327,-0.0020000000000000018,0.265,0.255,0.010000000000000009,"3.27","2.64","0.633"
"Márquez, Germán","608566","2026","128","96",0.272,0.274,-0.0020000000000000018,0.526,0.508,0.018000000000000016,0.374,0.367,0.007000000000000006,"5.76","5.82","-0.056"
"Williamson, Brandon","682227","2026","128","86",0.255,0.276,-0.02100000000000002,0.431,0.486,-0.05499999999999999,0.361,0.389,-0.028000000000000025,"6.11","6.70","-0.593"
"Domínguez, Seranthony","622554","2026","128","75",0.211,0.25,-0.03900000000000001,0.385,0.427,-0.04199999999999998,0.313,0.346,-0.032999999999999974,"4.29","5.08","-0.785"
"Hill, Tim","657612","2026","128","103",0.233,0.258,-0.024999999999999994,0.336,0.402,-0.066,0.278,0.313,-0.034999999999999976,"4.02","4.06","-0.039"
"Leiter Jr., Mark","643410","2026","127","85",0.27,0.278,-0.008000000000000007,0.365,0.382,-0.017000000000000015,0.308,0.318,-0.010000000000000009,"4.85","4.20","0.654"
"Williams, Devin","642207","2026","127","70",0.239,0.202,0.03699999999999998,0.358,0.298,0.06,0.311,0.274,0.03699999999999998,"4.13","3.06","1.069"
"Henriquez, Edgardo","683618","2026","127","80",0.177,0.183,-0.006000000000000005,0.274,0.266,0.008000000000000007,0.25,0.25,0,"2.75","2.54","0.215"
"Hill, Jaden","677955","2026","127","78",0.257,0.235,0.02200000000000002,0.39,0.352,0.038000000000000034,0.338,0.316,0.02200000000000002,"5.06","4.14","0.923"
"Baker, Bryan","641329","2026","126","79",0.15,0.186,-0.036000000000000004,0.257,0.286,-0.02899999999999997,0.223,0.254,-0.031,"1.95","2.62","-0.672"
"Scott, Tanner","656945","2026","126","80",0.175,0.219,-0.04400000000000001,0.292,0.347,-0.05499999999999999,0.217,0.257,-0.04000000000000001,"2.10","2.68","-0.583"
"Hall, DL","669084","2026","126","69",0.14,0.204,-0.06399999999999997,0.2,0.287,-0.08699999999999997,0.256,0.307,-0.05099999999999999,"2.03","3.89","-1.858"
"Loáisiga, Jonathan","642528","2026","126","98",0.239,0.236,0.0030000000000000027,0.319,0.35,-0.030999999999999972,0.26,0.28,-0.020000000000000018,"2.56","3.20","-0.642"
"Shugart, Chase","663767","2026","125","77",0.257,0.244,0.013000000000000012,0.495,0.449,0.045999999999999985,0.355,0.337,0.01799999999999996,"4.97","4.78","0.186"
"Gray, Peyton","682608","2026","124","82",0.204,0.226,-0.02200000000000002,0.31,0.344,-0.033999999999999975,0.252,0.274,-0.02200000000000002,"3.03","3.06","-0.026"
"Kinley, Tyler","641755","2026","124","81",0.221,0.196,0.024999999999999994,0.389,0.343,0.045999999999999985,0.297,0.267,0.02999999999999997,"3.00","2.90","0.1"
"Thompson, Ryan","657044","2026","124","96",0.254,0.265,-0.01100000000000001,0.386,0.364,0.02200000000000002,0.302,0.298,0.0040000000000000036,"2.76","3.65","-0.889"
"Rodriguez, Grayson","680570","2026","123","83",0.305,0.314,-0.009000000000000008,0.533,0.545,-0.01200000000000001,0.394,0.4,-0.006000000000000005,"8.06","7.18","0.885"
"Winn, Cole","668390","2026","123","85",0.279,0.274,0.0050000000000000044,0.495,0.436,0.059,0.356,0.336,0.019999999999999962,"7.00","4.75","2.25"
"Rolison, Ryan","669020","2026","122","78",0.206,0.221,-0.015000000000000013,0.336,0.352,-0.01599999999999996,0.282,0.298,-0.016000000000000014,"1.97","3.65","-1.681"
"Holderman, Colin","670059","2026","122","72",0.147,0.19,-0.04300000000000001,0.202,0.314,-0.11199999999999999,0.211,0.267,-0.05600000000000002,"1.72","2.90","-1.177"
"Suarez, Robert","663158","2026","121","88",0.184,0.252,-0.068,0.219,0.351,-0.13199999999999998,0.204,0.282,-0.07799999999999999,"0.56","3.25","-2.687"
"Criswell, Cooper","681867","2026","121","89",0.257,0.24,0.017000000000000015,0.385,0.357,0.028000000000000025,0.302,0.286,0.016000000000000014,"3.52","3.34","0.182"
"Strahm, Matt","621381","2026","119","87",0.234,0.222,0.01200000000000001,0.514,0.383,0.131,0.352,0.298,0.05399999999999999,"5.53","3.65","1.88"
"Sewald, Paul","623149","2026","119","77",0.185,0.187,-0.0020000000000000018,0.407,0.409,-0.0020000000000000018,0.282,0.283,-0.0010000000000000009,"4.50","3.27","1.23"
"Winn, Keaton","676775","2026","119","83",0.194,0.231,-0.037000000000000005,0.306,0.363,-0.056999999999999995,0.253,0.289,-0.035999999999999976,"3.23","3.42","-0.192"
"Hart, Kyle","606996","2026","118","79",0.2,0.225,-0.024999999999999994,0.39,0.38,0.010000000000000009,0.301,0.31,-0.009000000000000008,"5.34","3.97","1.367"
"Richards, Trevor","670950","2026","117","83",0.185,0.231,-0.04600000000000001,0.398,0.428,-0.02999999999999997,0.281,0.311,-0.02999999999999997,"3.94","4.00","-0.056"
"Matsui, Yuki","673513","2026","117","69",0.186,0.176,0.010000000000000009,0.361,0.361,0,0.275,0.284,-0.008999999999999952,"1.53","3.29","-1.756"
"Vest, Will","676684","2026","116","77",0.275,0.244,0.031000000000000028,0.382,0.365,0.017000000000000015,0.327,0.307,0.020000000000000018,"6.08","3.89","2.185"
"Gage, Matt","657424","2026","116","79",0.247,0.251,-0.0040000000000000036,0.464,0.416,0.04800000000000004,0.353,0.343,0.009999999999999953,"3.81","4.98","-1.172"
"Cruz, Steven","674444","2026","115","66",0.23,0.226,0.0040000000000000036,0.49,0.395,0.09499999999999997,0.347,0.311,0.035999999999999976,"5.47","4.00","1.468"
"Vodnik, Victor","680767","2026","115","80",0.295,0.241,0.05399999999999999,0.453,0.395,0.057999999999999996,0.374,0.334,0.03999999999999998,"6.66","4.68","1.978"
"Walker, Taijuan","592836","2026","115","86",0.353,0.312,0.04099999999999998,0.657,0.582,0.07500000000000007,0.455,0.411,0.04400000000000004,"9.13","7.69","1.442"
"Hurt, Kyle","669165","2026","115","65",0.21,0.201,0.00899999999999998,0.31,0.304,0.006000000000000005,0.28,0.272,0.008000000000000007,"3.58","3.01","0.568"
"Duran, Jhoan","661395","2026","114","63",0.204,0.201,0.002999999999999975,0.259,0.277,-0.018000000000000016,0.229,0.233,-0.0040000000000000036,"1.52","2.21","-0.693"
"Akin, Keegan","669211","2026","114","88",0.284,0.246,0.03799999999999998,0.441,0.371,0.07,0.338,0.298,0.040000000000000036,"5.68","3.65","2.034"
"Bird, Jake","656234","2026","114","74",0.267,0.246,0.02100000000000002,0.455,0.437,0.018000000000000016,0.343,0.328,0.015000000000000013,"4.44","4.50","-0.057"
"Vesia, Alex","681911","2026","114","59",0.143,0.175,-0.032,0.163,0.259,-0.096,0.21,0.255,-0.04500000000000001,"2.60","2.64","-0.038"
"Beeks, Jalen","656222","2026","113","84",0.272,0.282,-0.009999999999999953,0.495,0.522,-0.027000000000000024,0.351,0.363,-0.01200000000000001,"3.81","5.67","-1.862"
"Seabold, Connor","657756","2026","113","81",0.306,0.253,0.05299999999999999,0.429,0.363,0.066,0.352,0.308,0.043999999999999984,"5.25","3.92","1.33"
"Woodford, Jake","663765","2026","112","85",0.333,0.336,-0.0030000000000000027,0.48,0.479,0.0010000000000000009,0.368,0.368,0,"6.94","5.86","1.083"
"Fairbanks, Pete","664126","2026","111","64",0.24,0.207,0.033,0.5,0.437,0.063,0.356,0.323,0.032999999999999974,"6.84","4.35","2.49"
"Johnson, Ryan","696270","2026","111","83",0.283,0.251,0.03199999999999997,0.505,0.416,0.08900000000000002,0.364,0.321,0.04299999999999998,"7.40","4.29","3.107"
"Paredes, Mike","702474","2026","110","85",0.24,0.285,-0.044999999999999984,0.427,0.459,-0.03200000000000003,0.325,0.356,-0.030999999999999972,"4.26","5.42","-1.157"
"Gaddis, Hunter","683769","2026","110","80",0.283,0.282,0.0010000000000000009,0.394,0.412,-0.01799999999999996,0.322,0.327,-0.0050000000000000044,"3.38","4.47","-1.095"
"Roberts, Ethan","681799","2026","110","76",0.237,0.255,-0.018000000000000016,0.376,0.391,-0.015000000000000013,0.332,0.342,-0.010000000000000009,"4.21","4.94","-0.732"
"Englert, Mason","669438","2026","110","84",0.3,0.28,0.019999999999999962,0.5,0.506,-0.006000000000000005,0.351,0.349,0.0020000000000000018,"3.96","5.18","-1.22"
"Wolfram, Grant","664991","2026","110","74",0.284,0.247,0.03699999999999998,0.412,0.357,0.05499999999999999,0.323,0.285,0.038000000000000034,"3.96","3.32","0.64"
"Waldron, Matt","663362","2026","110","79",0.333,0.229,0.10400000000000001,0.596,0.395,0.20099999999999996,0.418,0.306,0.11199999999999999,"8.49","3.86","4.626"
"Whitlock, Garrett","676477","2026","110","72",0.223,0.245,-0.021999999999999992,0.35,0.376,-0.026000000000000023,0.272,0.291,-0.01899999999999996,"2.60","3.47","-0.868"
"Jones, Jared","683003","2026","110","76",0.27,0.259,0.01100000000000001,0.49,0.457,0.032999999999999974,0.356,0.338,0.01799999999999996,"5.76","4.81","0.95"
"Mattson, Isaac","676755","2026","109","74",0.221,0.282,-0.06099999999999997,0.316,0.489,-0.173,0.287,0.37,-0.08300000000000002,"3.51","5.94","-2.434"
"Ashcraft, Graham","668933","2026","109","61",0.183,0.197,-0.014000000000000012,0.312,0.307,0.0050000000000000044,0.279,0.287,-0.007999999999999952,"3.33","3.37","-0.037"
"Iglesias, Raisel","628452","2026","108","71",0.216,0.21,0.006000000000000005,0.294,0.289,0.0050000000000000044,0.248,0.242,0.006000000000000005,"1.27","2.38","-1.109"
"Johnson, Pierce","572955","2026","107","72",0.242,0.288,-0.045999999999999985,0.474,0.551,-0.07700000000000007,0.338,0.387,-0.04899999999999999,"4.32","6.62","-2.3"