"last_name, first_name","player_id","year","pa","bip","ba","est_ba","est_ba_minus_ba_diff","slg","est_slg","est_slg_minus_slg_diff","woba","est_woba","est_woba_minus_woba_diff","era","xera","era_minus_xera_diff"
"Alcantara, Sandy","645261","2026","649","481",0.246,0.253,-0.007000000000000006,0.379,0.373,0.006000000000000005,0.3,0.3,0,"3.68","3.75","-0.073"
"Sánchez, Cristopher","650911","2026","603","398",0.25,0.235,0.015000000000000013,0.358,0.362,-0.0040000000000000036,0.29,0.284,0.006000000000000005,"2.61","3.33","-0.717"
"Luzardo, Jesús","666200","2026","566","350",0.228,0.209,0.019000000000000017,0.346,0.308,0.03799999999999998,0.288,0.268,0.019999999999999962,"3.36","2.96","0.399"
"Wacha, Michael","608379","2026","563","409",0.236,0.252,-0.016000000000000014,0.401,0.412,-0.010999999999999954,0.304,0.314,-0.010000000000000009,"3.51","4.13","-0.617"
"Rodriguez, Eduardo","593958","2026","562","425",0.241,0.268,-0.027000000000000024,0.381,0.452,-0.07100000000000001,0.302,0.338,-0.03600000000000003,"2.71","4.87","-2.163"
"Schlittler, Cam","693645","2026","555","346",0.199,0.212,-0.012999999999999984,0.326,0.342,-0.016000000000000014,0.256,0.268,-0.01200000000000001,"2.25","2.96","-0.705"
"Williams, Gavin","668909","2026","551","331",0.209,0.23,-0.02100000000000002,0.379,0.408,-0.02899999999999997,0.285,0.304,-0.019000000000000017,"3.56","3.85","-0.289"
"Baz, Shane","669358","2026","551","392",0.266,0.261,0.0050000000000000044,0.409,0.405,0.003999999999999948,0.319,0.32,-0.0010000000000000009,"3.86","4.31","-0.453"
"Lugo, Seth","607625","2026","548","398",0.274,0.277,-0.0030000000000000027,0.45,0.468,-0.018000000000000016,0.344,0.352,-0.008000000000000007,"4.41","5.34","-0.933"
"Gore, MacKenzie","669022","2026","547","354",0.231,0.234,-0.0030000000000000027,0.395,0.379,0.016000000000000014,0.308,0.303,0.0050000000000000044,"4.55","3.83","0.717"
"Gausman, Kevin","592332","2026","540","376",0.259,0.249,0.010000000000000009,0.405,0.401,0.0040000000000000036,0.312,0.308,0.0040000000000000036,"4.38","3.96","0.422"
"King, Michael","650633","2026","538","360",0.217,0.244,-0.026999999999999996,0.34,0.409,-0.06899999999999995,0.294,0.328,-0.03400000000000003,"3.45","4.55","-1.097"
"Bibee, Tanner","676440","2026","537","395",0.233,0.259,-0.025999999999999995,0.393,0.426,-0.032999999999999974,0.3,0.324,-0.02400000000000002,"3.81","4.43","-0.621"
"Valdez, Framber","664285","2026","533","380",0.261,0.253,0.008000000000000007,0.385,0.391,-0.006000000000000005,0.321,0.32,0.0010000000000000009,"4.41","4.31","0.103"
"Eovaldi, Nathan","543135","2026","533","360",0.252,0.248,0.0040000000000000036,0.447,0.418,0.029000000000000026,0.326,0.313,0.013000000000000012,"4.31","4.11","0.202"
"Bradley, Taj","671737","2026","533","337",0.219,0.228,-0.009000000000000008,0.373,0.382,-0.009000000000000008,0.298,0.307,-0.009000000000000008,"3.69","3.94","-0.245"
"Peralta, Freddy","642547","2026","531","361",0.273,0.239,0.03400000000000003,0.467,0.372,0.09500000000000003,0.354,0.307,0.046999999999999986,"5.37","3.94","1.429"
"Abbott, Andrew","671096","2026","528","372",0.24,0.255,-0.015000000000000013,0.387,0.418,-0.030999999999999972,0.315,0.333,-0.018000000000000016,"3.91","4.71","-0.8"
"Cavalli, Cade","676917","2026","526","344",0.256,0.249,0.007000000000000006,0.373,0.378,-0.0050000000000000044,0.311,0.311,0,"3.52","4.05","-0.528"
"Ashcraft, Braxton","677952","2026","526","348",0.243,0.229,0.013999999999999985,0.399,0.36,0.039000000000000035,0.303,0.286,0.017000000000000015,"3.96","3.38","0.578"
"Griffin, Foster","656492","2026","524","370",0.226,0.251,-0.024999999999999994,0.381,0.411,-0.02999999999999997,0.292,0.312,-0.020000000000000018,"3.06","4.08","-1.018"
"Ryan, Joe","657746","2026","523","353",0.239,0.224,0.014999999999999986,0.405,0.39,0.015000000000000013,0.299,0.29,0.009000000000000008,"3.65","3.48","0.173"
"Kirby, George","669923","2026","523","384",0.276,0.257,0.019000000000000017,0.428,0.401,0.02699999999999997,0.324,0.305,0.019000000000000017,"3.76","3.88","-0.124"
"McLean, Nolan","690997","2026","522","316",0.209,0.219,-0.010000000000000009,0.342,0.346,-0.003999999999999948,0.288,0.293,-0.0050000000000000044,"3.29","3.56","-0.266"
"Gilbert, Logan","669302","2026","522","350",0.213,0.235,-0.021999999999999992,0.384,0.396,-0.01200000000000001,0.281,0.296,-0.014999999999999958,"3.46","3.64","-0.18"
"Nola, Aaron","605400","2026","522","359",0.278,0.247,0.031000000000000028,0.517,0.431,0.08600000000000002,0.364,0.32,0.043999999999999984,"5.55","4.31","1.24"
"Lorenzen, Michael","547179","2026","520","392",0.336,0.298,0.038000000000000034,0.532,0.48,0.052000000000000046,0.398,0.366,0.03200000000000003,"6.94","5.86","1.078"
"Messick, Parker","800048","2026","516","350",0.212,0.226,-0.014000000000000012,0.341,0.334,0.007000000000000006,0.268,0.274,-0.006000000000000005,"2.57","3.10","-0.532"
"Cantillo, Joey","676282","2026","516","329",0.26,0.233,0.026999999999999996,0.419,0.375,0.043999999999999984,0.336,0.309,0.027000000000000024,"3.87","3.99","-0.122"
"Martin, Davis","663436","2026","513","362",0.264,0.271,-0.007000000000000006,0.391,0.416,-0.024999999999999967,0.318,0.329,-0.01100000000000001,"4.13","4.58","-0.449"
"Bradish, Kyle","680694","2026","513","340",0.246,0.234,0.011999999999999983,0.394,0.377,0.017000000000000015,0.317,0.31,0.007000000000000006,"3.79","4.02","-0.227"
"Detmers, Reid","672282","2026","513","325",0.214,0.22,-0.006000000000000005,0.364,0.364,0,0.281,0.286,-0.004999999999999949,"4.03","3.38","0.652"
"Ray, Robbie","592662","2026","512","347",0.226,0.238,-0.011999999999999983,0.37,0.409,-0.03899999999999998,0.303,0.324,-0.02100000000000002,"3.08","4.43","-1.348"
"Skenes, Paul","694973","2026","512","315",0.23,0.209,0.02100000000000002,0.38,0.33,0.04999999999999999,0.294,0.267,0.02699999999999997,"3.90","2.93","0.968"
"Soriano, José","667755","2026","511","323",0.217,0.242,-0.024999999999999994,0.321,0.384,-0.063,0.288,0.321,-0.03300000000000003,"3.29","4.34","-1.047"
"Webb, Logan","657277","2026","510","371",0.23,0.254,-0.023999999999999994,0.34,0.375,-0.034999999999999976,0.279,0.303,-0.023999999999999966,"3.74","3.83","-0.086"
"Imanaga, Shota","684007","2026","510","359",0.227,0.234,-0.007000000000000006,0.42,0.404,0.01599999999999996,0.302,0.299,0.0030000000000000027,"3.67","3.72","-0.054"
"Yamamoto, Yoshinobu","808967","2026","509","356",0.187,0.223,-0.036000000000000004,0.318,0.354,-0.035999999999999976,0.245,0.275,-0.030000000000000027,"2.76","3.12","-0.359"
"Rea, Colin","607067","2026","509","371",0.261,0.272,-0.01100000000000001,0.425,0.475,-0.04999999999999999,0.332,0.353,-0.020999999999999963,"4.59","5.38","-0.791"
"Burke, Sean","680732","2026","505","319",0.22,0.222,-0.0020000000000000018,0.365,0.36,0.0050000000000000044,0.29,0.289,0.0010000000000000009,"3.04","3.46","-0.42"
"Elder, Bryce","693821","2026","504","360",0.239,0.247,-0.008000000000000007,0.401,0.396,0.0050000000000000044,0.308,0.309,-0.0010000000000000009,"3.84","3.99","-0.154"
"Keller, Mitch","656605","2026","503","364",0.259,0.288,-0.02899999999999997,0.426,0.455,-0.029000000000000026,0.333,0.355,-0.021999999999999964,"5.29","5.45","-0.159"
"Singer, Brady","663903","2026","503","359",0.272,0.266,0.006000000000000005,0.461,0.444,0.017000000000000015,0.349,0.341,0.007999999999999952,"4.67","4.97","-0.298"
"Weathers, Ryan","677960","2026","503","334",0.247,0.256,-0.009000000000000008,0.398,0.427,-0.02899999999999997,0.307,0.322,-0.015000000000000013,"3.79","4.37","-0.577"
"Roupp, Landen","694738","2026","499","323",0.23,0.231,-0.0010000000000000009,0.355,0.334,0.020999999999999963,0.301,0.294,0.007000000000000006,"4.33","3.59","0.745"
"Cameron, Noah","702070","2026","499","351",0.258,0.264,-0.006000000000000005,0.42,0.44,-0.020000000000000018,0.321,0.331,-0.010000000000000009,"4.59","4.65","-0.059"
"Kelly, Merrill","518876","2026","498","372",0.28,0.305,-0.024999999999999967,0.499,0.559,-0.06000000000000005,0.364,0.398,-0.03400000000000003,"5.04","7.18","-2.142"
"Martinez, Nick","607259","2026","497","405",0.247,0.279,-0.03200000000000003,0.401,0.445,-0.043999999999999984,0.296,0.329,-0.03300000000000003,"2.77","4.58","-1.807"
"Woo, Bryan","693433","2026","497","346",0.241,0.24,0.0010000000000000009,0.379,0.384,-0.0050000000000000044,0.289,0.292,-0.0030000000000000027,"4.56","3.54","1.022"
"Pallante, Andre","669467","2026","496","370",0.244,0.243,0.0010000000000000009,0.363,0.373,-0.010000000000000009,0.297,0.299,-0.0020000000000000018,"3.72","3.72","-0.004"
"Kay, Anthony","641743","2026","494","342",0.254,0.262,-0.008000000000000007,0.409,0.406,0.002999999999999947,0.335,0.342,-0.007000000000000006,"4.01","5.00","-0.991"
"McGreevy, Michael","700241","2026","487","376",0.252,0.289,-0.03699999999999998,0.419,0.498,-0.07900000000000001,0.31,0.36,-0.04999999999999999,"3.59","5.63","-2.04"
"Chandler, Bubba","696149","2026","487","322",0.228,0.229,-0.0010000000000000009,0.362,0.367,-0.0050000000000000044,0.312,0.313,-0.0010000000000000009,"4.49","4.11","0.376"
"Freeland, Kyle","607536","2026","486","365",0.303,0.284,0.019000000000000017,0.538,0.484,0.05400000000000005,0.376,0.349,0.027000000000000024,"6.81","5.24","1.572"
"Cecconi, Slade","677944","2026","483","357",0.285,0.269,0.01599999999999996,0.459,0.447,0.01200000000000001,0.345,0.334,0.010999999999999954,"4.75","4.74","0.005"
"Littell, Zack","641793","2026","481","373",0.264,0.289,-0.024999999999999967,0.477,0.513,-0.03600000000000003,0.343,0.372,-0.02899999999999997,"4.97","6.09","-1.123"
"Ginn, J.T.","669372","2026","481","319",0.212,0.235,-0.022999999999999993,0.343,0.361,-0.01799999999999996,0.291,0.308,-0.017000000000000015,"3.51","3.96","-0.448"
"Cease, Dylan","656302","2026","481","253",0.184,0.189,-0.0050000000000000044,0.266,0.285,-0.01899999999999996,0.251,0.26,-0.009000000000000008,"2.41","2.78","-0.367"
"Misiorowski, Jacob","694819","2026","480","247",0.145,0.164,-0.019000000000000017,0.232,0.239,-0.0069999999999999785,0.205,0.215,-0.010000000000000009,"1.63","1.91","-0.28"
"Springs, Jeffrey","605488","2026","479","345",0.272,0.255,0.017000000000000015,0.532,0.455,0.07700000000000001,0.371,0.34,0.030999999999999972,"6.17","4.94","1.227"
"Burns, Chase","695505","2026","477","295",0.202,0.207,-0.004999999999999977,0.342,0.343,-0.0010000000000000009,0.275,0.278,-0.0030000000000000027,"2.35","3.19","-0.839"
"Liberatore, Matthew","669461","2026","476","324",0.285,0.265,0.019999999999999962,0.469,0.442,0.02699999999999997,0.355,0.338,0.01699999999999996,"4.97","4.87","0.099"
"Warren, Will","701542","2026","473","323",0.264,0.264,0,0.442,0.415,0.027000000000000024,0.33,0.325,0.0050000000000000044,"4.14","4.46","-0.319"
"Wrobleski, Justin","680736","2026","472","353",0.228,0.268,-0.04000000000000001,0.377,0.443,-0.066,0.285,0.327,-0.04200000000000004,"3.31","4.52","-1.212"
"Sale, Chris","519242","2026","471","292",0.215,0.221,-0.006000000000000005,0.299,0.327,-0.028000000000000025,0.259,0.272,-0.013000000000000012,"2.08","3.05","-0.973"
"deGrom, Jacob","594798","2026","468","304",0.231,0.234,-0.0030000000000000027,0.387,0.398,-0.01100000000000001,0.288,0.294,-0.006000000000000005,"3.96","3.59","0.369"
"Holmes, Grant","656550","2026","466","325",0.241,0.25,-0.009000000000000008,0.414,0.429,-0.015000000000000013,0.321,0.333,-0.01200000000000001,"3.67","4.71","-1.043"
"Hancock, Emerson","676106","2026","465","324",0.223,0.247,-0.023999999999999994,0.367,0.422,-0.05499999999999999,0.283,0.313,-0.030000000000000027,"3.33","4.11","-0.783"
"Montero, Keider","672456","2026","465","354",0.212,0.232,-0.020000000000000018,0.344,0.386,-0.04200000000000004,0.266,0.291,-0.024999999999999967,"3.17","3.51","-0.338"
"Rocker, Kumar","677958","2026","463","322",0.25,0.258,-0.008000000000000007,0.404,0.414,-0.009999999999999953,0.317,0.325,-0.008000000000000007,"4.08","4.46","-0.377"
"Rogers, Trevor","669432","2026","463","341",0.254,0.252,0.0020000000000000018,0.398,0.392,0.006000000000000005,0.307,0.306,0.0010000000000000009,"4.27","3.91","0.357"
"Meyer, Max","676974","2026","462","293",0.207,0.227,-0.020000000000000018,0.339,0.375,-0.035999999999999976,0.281,0.304,-0.022999999999999965,"2.68","3.85","-1.174"
"Mikolas, Miles","571945","2026","462","384",0.286,0.286,0,0.515,0.506,0.009000000000000008,0.355,0.353,0.0020000000000000018,"5.67","5.38","0.287"
"Gray, Sonny","543243","2026","461","330",0.242,0.255,-0.013000000000000012,0.391,0.384,0.007000000000000006,0.301,0.303,-0.0020000000000000018,"2.93","3.83","-0.9"
"Rasmussen, Drew","656876","2026","461","313",0.205,0.23,-0.025000000000000022,0.323,0.356,-0.032999999999999974,0.254,0.276,-0.02200000000000002,"2.92","3.14","-0.225"
"May, Dustin","669160","2026","459","310",0.255,0.245,0.010000000000000009,0.362,0.371,-0.009000000000000008,0.305,0.306,-0.0010000000000000009,"4.38","3.91","0.466"
"Fedde, Erick","607200","2026","457","340",0.265,0.26,0.0050000000000000044,0.464,0.442,0.02200000000000002,0.343,0.333,0.010000000000000009,"4.36","4.71","-0.352"
"Leahy, Kyle","681517","2026","456","324",0.262,0.275,-0.013000000000000012,0.413,0.461,-0.04800000000000004,0.326,0.347,-0.020999999999999963,"3.44","5.17","-1.732"
"Buehler, Walker","621111","2026","455","315",0.264,0.253,0.01100000000000001,0.426,0.409,0.017000000000000015,0.337,0.325,0.01200000000000001,"5.18","4.46","0.716"
"Peterson, David","656849","2026","453","325",0.27,0.275,-0.0050000000000000044,0.418,0.428,-0.010000000000000009,0.331,0.343,-0.01200000000000001,"5.53","5.04","0.485"
"Lambert, Peter","663567","2026","449","292",0.206,0.204,0.0020000000000000018,0.321,0.343,-0.02200000000000002,0.278,0.285,-0.006999999999999951,"3.06","3.36","-0.296"
"Castillo, Luis","622491","2026","443","319",0.27,0.267,0.0030000000000000027,0.456,0.452,0.0040000000000000036,0.34,0.337,0.0030000000000000027,"5.06","4.84","0.217"
"Gallen, Zac","668678","2026","440","344",0.304,0.312,-0.008000000000000007,0.506,0.531,-0.025000000000000022,0.372,0.383,-0.01100000000000001,"6.34","6.53","-0.193"
"Young, Brandon","687064","2026","439","316",0.245,0.259,-0.014000000000000012,0.381,0.406,-0.025000000000000022,0.303,0.32,-0.017000000000000015,"3.31","4.31","-1"
"Vásquez, Randy","681190","2026","434","334",0.285,0.295,-0.010000000000000009,0.468,0.516,-0.04799999999999999,0.349,0.373,-0.02400000000000002,"4.19","6.13","-1.942"
"Manaea, Sean","640455","2026","429","288",0.265,0.254,0.01100000000000001,0.451,0.422,0.029000000000000026,0.346,0.331,0.014999999999999958,"4.33","4.65","-0.319"
"Sugano, Tomoyuki","608372","2026","429","345",0.264,0.316,-0.05199999999999999,0.509,0.572,-0.06299999999999994,0.346,0.399,-0.05300000000000005,"4.47","7.22","-2.749"
"Ureña, Walbert","700712","2026","423","268",0.199,0.199,0,0.285,0.294,-0.009000000000000008,0.278,0.281,-0.0030000000000000027,"2.54","3.26","-0.723"
"Burrows, Mike","681347","2026","423","309",0.292,0.263,0.02899999999999997,0.508,0.441,0.067,0.375,0.337,0.03799999999999998,"5.99","4.84","1.149"
"Pérez, Eury","691587","2026","423","263",0.201,0.211,-0.009999999999999981,0.362,0.379,-0.017000000000000015,0.291,0.303,-0.01200000000000001,"3.44","3.83","-0.391"
"Sasaki, Roki","808963","2026","423","278",0.239,0.236,0.0030000000000000027,0.469,0.404,0.06499999999999995,0.341,0.317,0.02400000000000002,"4.64","4.22","0.416"
"Tolle, Payton","801139","2026","415","273",0.228,0.211,0.017000000000000015,0.383,0.336,0.046999999999999986,0.294,0.269,0.024999999999999967,"3.30","2.98","0.317"
"Sproat, Brandon","687075","2026","414","257",0.248,0.244,0.0040000000000000036,0.439,0.406,0.032999999999999974,0.35,0.337,0.012999999999999956,"5.27","4.84","0.428"
"Sheehan, Emmet","686218","2026","412","266",0.252,0.23,0.021999999999999992,0.485,0.403,0.08199999999999996,0.345,0.308,0.03699999999999998,"5.29","3.96","1.327"
"Suarez, Ranger","624133","2026","409","274",0.234,0.243,-0.00899999999999998,0.332,0.342,-0.010000000000000009,0.277,0.286,-0.008999999999999952,"3.15","3.38","-0.23"
"McClanahan, Shane","663556","2026","409","278",0.207,0.239,-0.032,0.31,0.399,-0.08900000000000002,0.269,0.313,-0.043999999999999984,"3.09","4.11","-1.019"
"Mahle, Tyler","641816","2026","404","276",0.265,0.244,0.02100000000000002,0.436,0.39,0.045999999999999985,0.336,0.312,0.02400000000000002,"5.13","4.08","1.054"
"Wheeler, Zack","554430","2026","403","252",0.194,0.201,-0.007000000000000006,0.34,0.312,0.028000000000000025,0.256,0.251,0.0050000000000000044,"2.49","2.59","-0.104"
"Mlodzinski, Carmen","669387","2026","402","292",0.254,0.281,-0.027000000000000024,0.374,0.429,-0.05499999999999999,0.305,0.337,-0.03200000000000003,"3.15","4.84","-1.692"
"Houser, Adrian","605288","2026","402","307",0.266,0.271,-0.0050000000000000044,0.465,0.472,-0.006999999999999951,0.341,0.348,-0.006999999999999951,"4.70","5.21","-0.514"
"Skubal, Tarik","669373","2026","398","256",0.208,0.226,-0.018000000000000016,0.349,0.348,0.0010000000000000009,0.261,0.269,-0.008000000000000007,"2.81","2.98","-0.175"
"Pérez, Martín","527048","2026","398","282",0.213,0.256,-0.04300000000000001,0.366,0.394,-0.028000000000000025,0.29,0.324,-0.03400000000000003,"3.24","4.43","-1.194"
"Early, Connelly","813349","2026","390","254",0.235,0.234,0.0009999999999999731,0.401,0.408,-0.006999999999999951,0.319,0.32,-0.0010000000000000009,"3.44","4.31","-0.874"
"Flaherty, Jack","656427","2026","389","238",0.24,0.236,0.0040000000000000036,0.416,0.394,0.021999999999999964,0.329,0.323,0.006000000000000005,"4.59","4.40","0.187"
"Arrighetti, Spencer","681293","2026","386","235",0.215,0.238,-0.022999999999999993,0.36,0.395,-0.03500000000000003,0.321,0.345,-0.023999999999999966,"4.60","5.10","-0.498"
"Yesavage, Trey","702056","2026","386","247",0.185,0.2,-0.015000000000000013,0.339,0.33,0.009000000000000008,0.28,0.285,-0.004999999999999949,"3.65","3.36","0.291"
"Phillips, Tyler","663969","2026","383","275",0.244,0.263,-0.019000000000000017,0.388,0.414,-0.025999999999999968,0.318,0.334,-0.016000000000000014,"3.53","4.74","-1.214"
"Jax, Griffin","643377","2026","379","247",0.24,0.252,-0.01200000000000001,0.401,0.418,-0.01699999999999996,0.306,0.323,-0.017000000000000015,"3.63","4.40","-0.767"
"Lowder, Rhett","695076","2026","376","264",0.268,0.267,0.0010000000000000009,0.425,0.453,-0.028000000000000025,0.34,0.35,-0.009999999999999953,"5.42","5.27","0.152"
"Civale, Aaron","650644","2026","368","276",0.309,0.27,0.03899999999999998,0.534,0.462,0.07200000000000001,0.382,0.34,0.04199999999999998,"5.22","4.94","0.282"
"Ober, Bailey","641927","2026","366","276",0.246,0.25,-0.0040000000000000036,0.435,0.447,-0.01200000000000001,0.32,0.325,-0.0050000000000000044,"4.45","4.46","-0.012"
"Lauer, Eric","641778","2026","366","277",0.232,0.247,-0.014999999999999986,0.445,0.46,-0.015000000000000013,0.322,0.333,-0.01100000000000001,"4.50","4.71","-0.21"
"Drohan, Shane","675660","2026","364","248",0.238,0.228,0.009999999999999981,0.37,0.351,0.019000000000000017,0.291,0.283,0.008000000000000007,"3.48","3.31","0.167"
"Corbin, Patrick","571578","2026","360","266",0.302,0.289,0.013000000000000012,0.477,0.463,0.013999999999999957,0.364,0.355,0.009000000000000008,"5.51","5.45","0.063"
"Nelson, Ryne","669194","2026","355","265",0.249,0.261,-0.01200000000000001,0.477,0.5,-0.02300000000000002,0.336,0.349,-0.012999999999999956,"4.97","5.24","-0.272"
"Leiter, Jack","683004","2026","355","233",0.255,0.257,-0.0020000000000000018,0.439,0.43,0.009000000000000008,0.34,0.336,0.0040000000000000036,"5.29","4.81","0.477"
"Seymour, Ian","693855","2026","348","217",0.216,0.216,0,0.413,0.379,0.033999999999999975,0.299,0.29,0.009000000000000008,"4.27","3.48","0.789"
"Bello, Brayan","678394","2026","342","254",0.282,0.295,-0.013000000000000012,0.435,0.48,-0.044999999999999984,0.338,0.359,-0.020999999999999963,"5.10","5.60","-0.501"
"Harrison, Kyle","690986","2026","341","216",0.221,0.223,-0.0020000000000000018,0.366,0.348,0.018000000000000016,0.283,0.277,0.00599999999999995,"3.01","3.17","-0.158"
"Mize, Casey","663554","2026","341","236",0.213,0.223,-0.010000000000000009,0.337,0.344,-0.006999999999999951,0.26,0.273,-0.013000000000000012,"2.70","3.07","-0.37"
"Matthews, Zebby","805673","2026","341","243",0.259,0.254,0.0050000000000000044,0.476,0.443,0.032999999999999974,0.343,0.331,0.01200000000000001,"5.22","4.65","0.572"
"Ohtani, Shohei","660271","2026","340","213",0.18,0.201,-0.02100000000000002,0.262,0.287,-0.024999999999999967,0.239,0.257,-0.018000000000000016,"1.79","2.72","-0.934"
"Patrick, Chad","694477","2026","340","234",0.23,0.243,-0.012999999999999984,0.372,0.386,-0.014000000000000012,0.295,0.306,-0.01100000000000001,"3.46","3.91","-0.454"
"Junk, Janson","676083","2026","337","252",0.267,0.252,0.015000000000000013,0.431,0.405,0.025999999999999968,0.325,0.311,0.014000000000000012,"4.58","4.05","0.526"
"Prielipp, Connor","687570","2026","336","219",0.246,0.231,0.014999999999999986,0.392,0.39,0.0020000000000000018,0.316,0.311,0.0050000000000000044,"4.75","4.05","0.701"
"Feltner, Ryan","663372","2026","334","246",0.272,0.267,0.0050000000000000044,0.522,0.507,0.015000000000000013,0.368,0.36,0.008000000000000007,"5.75","5.63","0.122"
"Pfaadt, Brandon","694297","2026","333","255",0.253,0.24,0.013000000000000012,0.391,0.388,0.0030000000000000027,0.308,0.303,0.0050000000000000044,"3.66","3.83","-0.169"
"Soroka, Michael","647336","2026","333","232",0.233,0.249,-0.015999999999999986,0.359,0.408,-0.04899999999999999,0.284,0.309,-0.025000000000000022,"3.07","3.99","-0.917"
"Perkins, Jack","678022","2026","332","207",0.256,0.232,0.023999999999999994,0.447,0.387,0.06,0.341,0.31,0.031000000000000028,"6.72","4.02","2.699"
"Taillon, Jameson","592791","2026","326","229",0.256,0.257,-0.0010000000000000009,0.542,0.539,0.0030000000000000027,0.369,0.366,0.0030000000000000027,"5.92","5.86","0.061"
"Lopez, Jacob","682052","2026","326","220",0.273,0.218,0.05500000000000002,0.455,0.331,0.124,0.362,0.298,0.064,"5.79","3.69","2.096"
"Painter, Andrew","691725","2026","322","233",0.304,0.271,0.032999999999999974,0.514,0.465,0.04899999999999999,0.38,0.349,0.031000000000000028,"6.72","5.24","1.478"
"McDonald, Trevor","686790","2026","310","217",0.255,0.246,0.009000000000000008,0.384,0.359,0.025000000000000022,0.323,0.312,0.01100000000000001,"5.12","4.08","1.038"
"Avila, Luinder","679883","2026","309","204",0.272,0.251,0.02100000000000002,0.425,0.396,0.02899999999999997,0.355,0.339,0.01599999999999996,"5.53","4.90","0.629"
"Cabrera, Edward","665795","2026","309","213",0.262,0.262,0,0.447,0.436,0.01100000000000001,0.34,0.338,0.0020000000000000018,"5.10","4.87","0.231"
"López, Reynaldo","625643","2026","306","209",0.245,0.256,-0.01100000000000001,0.412,0.426,-0.014000000000000012,0.321,0.33,-0.009000000000000008,"3.64","4.61","-0.968"
"Assad, Javier","665871","2026","303","230",0.241,0.269,-0.028000000000000025,0.406,0.43,-0.023999999999999966,0.306,0.328,-0.02200000000000002,"3.58","4.55","-0.966"
"Boyd, Matthew","571510","2026","302","214",0.249,0.262,-0.013000000000000012,0.375,0.428,-0.05299999999999999,0.306,0.329,-0.02300000000000002,"3.59","4.58","-0.988"
"Cole, Gerrit","543037","2026","302","204",0.227,0.233,-0.006000000000000005,0.401,0.376,0.025000000000000022,0.294,0.287,0.007000000000000006,"3.42","3.41","0.011"
"Teng, Kai-Wei","678906","2026","301","193",0.238,0.245,-0.007000000000000006,0.408,0.398,0.009999999999999953,0.335,0.334,0.0010000000000000009,"4.35","4.74","-0.394"
"Canning, Griffin","656288","2026","300","197",0.276,0.25,0.026000000000000023,0.464,0.427,0.03700000000000003,0.36,0.335,0.024999999999999967,"6.49","4.77","1.715"
"Kochanowicz, Jack","686799","2026","296","208",0.259,0.272,-0.013000000000000012,0.382,0.439,-0.056999999999999995,0.331,0.359,-0.02799999999999997,"6.19","5.60","0.588"
"Scott, Christian","681035","2026","295","175",0.215,0.222,-0.007000000000000006,0.35,0.353,-0.0030000000000000027,0.297,0.3,-0.0030000000000000027,"2.99","3.75","-0.764"
"Blubaugh, AJ","805123","2026","293","188",0.211,0.209,0.0020000000000000018,0.371,0.364,0.007000000000000006,0.296,0.301,-0.0050000000000000044,"3.62","3.77","-0.153"
"Fried, Max","608331","2026","290","197",0.195,0.193,0.0020000000000000018,0.253,0.254,-0.0010000000000000009,0.237,0.241,-0.0040000000000000036,"3.12","2.39","0.73"
"Miles, Spencer","693686","2026","290","201",0.219,0.233,-0.014000000000000012,0.297,0.327,-0.030000000000000027,0.256,0.272,-0.016000000000000014,"3.13","3.05","0.075"
"Jump, Gage","695611","2026","288","181",0.268,0.252,0.016000000000000014,0.42,0.383,0.03699999999999998,0.338,0.319,0.019000000000000017,"4.59","4.28","0.31"
"Agnos, Zach","688642","2026","287","219",0.291,0.292,-0.0010000000000000009,0.476,0.468,0.007999999999999952,0.358,0.36,-0.0020000000000000018,"6.22","5.63","0.59"
"Schultz, Noah","702273","2026","286","190",0.243,0.27,-0.027000000000000024,0.42,0.452,-0.03200000000000003,0.339,0.361,-0.021999999999999964,"5.82","5.67","0.145"
"Melton, Troy","675512","2026","285","196",0.17,0.217,-0.046999999999999986,0.301,0.33,-0.029000000000000026,0.244,0.275,-0.031000000000000028,"1.58","3.12","-1.539"
"Miller, Bryce","682243","2026","284","196",0.204,0.206,-0.0020000000000000018,0.372,0.34,0.03199999999999997,0.266,0.255,0.01100000000000001,"2.80","2.67","0.127"
"Gordon, Tanner","685299","2026","284","213",0.314,0.264,0.04999999999999999,0.583,0.489,0.09399999999999997,0.392,0.339,0.05299999999999999,"5.91","4.90","1.006"
"Bennett, Jake","687562","2026","280","215",0.228,0.227,0.0010000000000000009,0.313,0.358,-0.044999999999999984,0.254,0.271,-0.017000000000000015,"2.90","3.03","-0.128"
"Lodolo, Nick","666157","2026","279","193",0.277,0.291,-0.013999999999999957,0.447,0.466,-0.019000000000000017,0.355,0.373,-0.018000000000000016,"4.60","6.13","-1.534"
"Ashby, Aaron","676879","2026","277","157",0.241,0.21,0.031,0.332,0.298,0.03400000000000003,0.301,0.276,0.024999999999999967,"3.73","3.14","0.594"
"Anderson, Drew","623454","2026","277","170",0.241,0.21,0.031,0.404,0.342,0.062,0.319,0.286,0.03300000000000003,"4.24","3.38","0.861"
"Alvarez, Andrew","674841","2026","276","179",0.258,0.262,-0.0040000000000000036,0.362,0.378,-0.016000000000000014,0.32,0.328,-0.008000000000000007,"3.94","4.55","-0.612"
"Imai, Tatsuya","837227","2026","274","153",0.22,0.223,-0.0030000000000000027,0.37,0.399,-0.029000000000000026,0.323,0.335,-0.01200000000000001,"5.55","4.77","0.776"
"Quantrill, Cal","615698","2026","273","205",0.24,0.253,-0.013000000000000012,0.382,0.428,-0.045999999999999985,0.303,0.324,-0.02100000000000002,"3.62","4.43","-0.811"
"Severino, Luis","622663","2026","271","173",0.258,0.231,0.026999999999999996,0.432,0.388,0.043999999999999984,0.345,0.318,0.02699999999999997,"4.17","4.25","-0.085"
"Ramírez, Yohan","670990","2026","267","151",0.204,0.218,-0.014000000000000012,0.326,0.307,0.019000000000000017,0.296,0.295,0.0010000000000000009,"2.95","3.61","-0.659"
"Paddack, Chris","663978","2026","267","206",0.314,0.28,0.033999999999999975,0.483,0.45,0.032999999999999974,0.369,0.342,0.02699999999999997,"6.79","5.00","1.789"
"Suter, Brent","608718","2026","266","191",0.257,0.264,-0.007000000000000006,0.416,0.413,0.0030000000000000027,0.316,0.319,-0.0030000000000000027,"4.12","4.28","-0.159"
"Woods Richardson, Simeon","680573","2026","265","200",0.303,0.279,0.023999999999999966,0.496,0.467,0.02899999999999997,0.387,0.368,0.019000000000000017,"6.40","5.93","0.469"
"Brown, Ben","676962","2026","265","179",0.186,0.222,-0.036000000000000004,0.248,0.335,-0.08700000000000002,0.228,0.279,-0.05100000000000002,"1.85","3.21","-1.357"
"Gasser, Robert","688107","2026","263","184",0.238,0.24,-0.0020000000000000018,0.439,0.39,0.04899999999999999,0.321,0.304,0.017000000000000015,"4.48","3.85","0.626"
"Bassitt, Chris","605135","2026","261","194",0.307,0.284,0.02300000000000002,0.447,0.407,0.040000000000000036,0.366,0.344,0.02200000000000002,"5.27","5.07","0.202"
"Ritchie, JR","702275","2026","256","162",0.221,0.24,-0.01899999999999999,0.376,0.408,-0.03199999999999997,0.324,0.344,-0.019999999999999962,"4.50","5.07","-0.57"
"Matz, Steven","571927","2026","250","184",0.252,0.278,-0.026000000000000023,0.478,0.475,0.0030000000000000027,0.339,0.351,-0.011999999999999955,"5.83","5.31","0.52"
"Suarez, José","660761","2026","250","164",0.268,0.245,0.02300000000000002,0.414,0.336,0.07799999999999996,0.335,0.297,0.038000000000000034,"4.68","3.67","1.012"
"Irvin, Jake","663623","2026","248","159",0.235,0.253,-0.018000000000000016,0.406,0.48,-0.07399999999999995,0.325,0.358,-0.032999999999999974,"5.56","5.56","-0.001"
"Lord, Brad","695418","2026","248","169",0.227,0.246,-0.01899999999999999,0.345,0.393,-0.04800000000000004,0.291,0.316,-0.025000000000000022,"3.88","4.19","-0.311"
"Newcomb, Sean","656794","2026","247","163",0.22,0.253,-0.033,0.326,0.358,-0.03199999999999997,0.283,0.309,-0.026000000000000023,"2.87","3.99","-1.124"
"Morejon, Adrian","670970","2026","246","157",0.217,0.211,0.006000000000000005,0.283,0.283,0,0.249,0.246,0.0030000000000000027,"3.00","2.49","0.51"
"Bruihl, Justin","677865","2026","243","176",0.264,0.253,0.01100000000000001,0.361,0.345,0.016000000000000014,0.313,0.309,0.0040000000000000036,"3.64","3.99","-0.346"
"Bachar, Lake","669199","2026","242","155",0.201,0.207,-0.005999999999999978,0.355,0.361,-0.006000000000000005,0.284,0.291,-0.007000000000000006,"3.83","3.51","0.325"
"Peralta, Wandy","593974","2026","240","180",0.268,0.261,0.007000000000000006,0.399,0.376,0.02300000000000002,0.326,0.315,0.01100000000000001,"3.47","4.16","-0.686"
"Watson, Ryan","670245","2026","240","175",0.251,0.283,-0.03199999999999997,0.433,0.488,-0.05499999999999999,0.329,0.364,-0.034999999999999976,"4.53","5.78","-1.253"
"Blackburn, Paul","621112","2026","236","165",0.192,0.225,-0.033,0.296,0.351,-0.05499999999999999,0.258,0.291,-0.032999999999999974,"2.08","3.51","-1.433"
"Márquez, Germán","608566","2026","236","173",0.264,0.267,-0.0030000000000000027,0.519,0.484,0.03500000000000003,0.37,0.362,0.008000000000000007,"5.26","5.71","-0.446"
"Rodriguez, Grayson","680570","2026","234","165",0.292,0.307,-0.015000000000000013,0.53,0.547,-0.017000000000000015,0.38,0.399,-0.019000000000000017,"7.24","7.22","0.015"
"Headrick, Brent","687396","2026","234","146",0.212,0.22,-0.008000000000000007,0.302,0.315,-0.013000000000000012,0.259,0.267,-0.008000000000000007,"1.40","2.93","-1.533"
"Jones, Jared","683003","2026","229","151",0.217,0.215,0.0020000000000000018,0.406,0.377,0.029000000000000026,0.295,0.284,0.01100000000000001,"4.02","3.33","0.688"
"Marinaccio, Ron","676760","2026","228","161",0.271,0.26,0.01100000000000001,0.483,0.426,0.056999999999999995,0.363,0.338,0.024999999999999967,"4.99","4.87","0.117"
"Burke, Brock","656271","2026","227","146",0.199,0.229,-0.03,0.335,0.368,-0.032999999999999974,0.291,0.316,-0.025000000000000022,"2.52","4.19","-1.674"
"Medina, Luis","665622","2026","226","137",0.266,0.244,0.02200000000000002,0.417,0.414,0.0030000000000000027,0.341,0.331,0.010000000000000009,"3.91","4.65","-0.742"
"Zeferjahn, Ryan","666171","2026","226","111",0.162,0.16,0.0020000000000000018,0.286,0.259,0.02699999999999997,0.274,0.265,0.009000000000000008,"3.59","2.89","0.699"
"Fisher, Braydon","680755","2026","226","141",0.216,0.216,0,0.358,0.347,0.01100000000000001,0.3,0.305,-0.0050000000000000044,"3.93","3.88","0.047"
"Harris, Hogan","663687","2026","226","122",0.234,0.203,0.031,0.356,0.315,0.04099999999999998,0.324,0.297,0.027000000000000024,"3.62","3.67","-0.046"
"Taylor, Grant","691799","2026","225","131",0.195,0.179,0.016000000000000014,0.293,0.276,0.01699999999999996,0.248,0.238,0.010000000000000009,"2.40","2.33","0.066"
"Kolek, Stephen","663568","2026","224","176",0.262,0.262,0,0.448,0.38,0.068,0.328,0.303,0.025000000000000022,"4.50","3.83","0.67"
"Graceffo, Gordon","700669","2026","224","160",0.187,0.254,-0.067,0.306,0.45,-0.14400000000000002,0.268,0.345,-0.07699999999999996,"3.04","5.10","-2.064"
"Brown, Hunter","686613","2026","223","134",0.202,0.2,0.0020000000000000018,0.324,0.334,-0.010000000000000009,0.298,0.299,-0.0010000000000000009,"3.42","3.72","-0.302"
"Morris, Andrew","702193","2026","222","152",0.245,0.225,0.01999999999999999,0.33,0.322,0.008000000000000007,0.283,0.272,0.010999999999999954,"3.25","3.05","0.197"
"Varland, Louis","686973","2026","222","133",0.205,0.199,0.005999999999999978,0.244,0.257,-0.013000000000000012,0.23,0.231,-0.0010000000000000009,"1.11","2.20","-1.088"
"Senzatela, Antonio","622608","2026","222","157",0.254,0.248,0.006000000000000005,0.363,0.36,0.0030000000000000027,0.299,0.295,0.0040000000000000036,"3.54","3.61","-0.066"
"Mejia, Juan","675848","2026","222","145",0.272,0.255,0.017000000000000015,0.366,0.369,-0.0030000000000000027,0.325,0.32,0.0050000000000000044,"5.29","4.31","0.981"
"Gómez, Yoendrys","672782","2026","219","145",0.222,0.256,-0.034,0.354,0.445,-0.09100000000000003,0.301,0.349,-0.04799999999999999,"3.42","5.24","-1.82"
"De Los Santos, Enyel","660853","2026","218","155",0.245,0.232,0.012999999999999984,0.397,0.371,0.026000000000000023,0.297,0.281,0.01599999999999996,"4.22","3.26","0.959"
"Brubaker, JT","664141","2026","218","159",0.215,0.261,-0.04600000000000001,0.335,0.423,-0.08799999999999997,0.281,0.331,-0.04999999999999999,"3.17","4.65","-1.483"
"Holmes, Clay","605280","2026","215","150",0.206,0.251,-0.04500000000000001,0.294,0.366,-0.07200000000000001,0.258,0.306,-0.04799999999999999,"2.39","3.91","-1.518"
"Hoffman, Jeff","656546","2026","215","117",0.254,0.211,0.04300000000000001,0.386,0.323,0.063,0.31,0.284,0.026000000000000023,"3.94","3.33","0.608"
"Senga, Kodai","673540","2026","214","126",0.264,0.239,0.025000000000000022,0.522,0.42,0.10200000000000004,0.392,0.348,0.04400000000000004,"8.47","5.21","3.264"
"Okert, Steven","595345","2026","213","141",0.187,0.197,-0.010000000000000009,0.321,0.336,-0.015000000000000013,0.25,0.26,-0.010000000000000009,"2.28","2.78","-0.503"
"Holton, Tyler","663947","2026","213","159",0.281,0.256,0.025000000000000022,0.429,0.367,0.062,0.336,0.301,0.03500000000000003,"3.06","3.77","-0.71"
"Wells, Tyler","669330","2026","211","143",0.202,0.21,-0.00799999999999998,0.352,0.356,-0.0040000000000000036,0.266,0.272,-0.006000000000000005,"2.67","3.05","-0.383"
"Johnson, Ryan","696270","2026","211","152",0.285,0.267,0.01799999999999996,0.511,0.47,0.041000000000000036,0.373,0.351,0.02200000000000002,"7.63","5.31","2.32"
"Cruz, Fernando","518585","2026","209","117",0.2,0.182,0.018000000000000016,0.32,0.306,0.014000000000000012,0.29,0.277,0.012999999999999956,"2.75","3.17","-0.415"
"Smith, Cade","671922","2026","209","121",0.212,0.213,-0.0010000000000000009,0.323,0.361,-0.03799999999999998,0.263,0.283,-0.019999999999999962,"2.46","3.31","-0.855"
"Webb, Jacob","657097","2026","208","135",0.233,0.243,-0.009999999999999981,0.344,0.382,-0.038000000000000034,0.284,0.304,-0.020000000000000018,"2.54","3.85","-1.313"
"Legumina, Casey","668984","2026","207","154",0.272,0.277,-0.0050000000000000044,0.417,0.433,-0.016000000000000014,0.326,0.337,-0.01100000000000001,"4.28","4.84","-0.557"
"Brazobán, Huascar","623211","2026","207","134",0.166,0.198,-0.032,0.265,0.272,-0.007000000000000006,0.242,0.259,-0.017000000000000015,"2.56","2.76","-0.197"
"Svanson, Matt","694335","2026","207","143",0.306,0.301,0.0050000000000000044,0.45,0.467,-0.017000000000000015,0.364,0.369,-0.0050000000000000044,"7.27","5.97","1.299"
"Bubic, Kris","663460","2026","207","129",0.2,0.24,-0.03999999999999998,0.322,0.395,-0.07300000000000001,0.286,0.327,-0.041000000000000036,"4.11","4.52","-0.407"
"Bazardo, Eduard","660825","2026","207","142",0.263,0.253,0.010000000000000009,0.435,0.42,0.015000000000000013,0.321,0.318,0.0030000000000000027,"3.31","4.25","-0.944"
"King, Bryan","687911","2026","207","149",0.262,0.251,0.01100000000000001,0.404,0.376,0.028000000000000025,0.325,0.311,0.014000000000000012,"3.61","4.05","-0.437"
"Faucher, Calvin","676534","2026","207","124",0.228,0.247,-0.01899999999999999,0.298,0.352,-0.05399999999999999,0.3,0.325,-0.025000000000000022,"4.63","4.46","0.169"
"Soriano, George","666277","2026","207","139",0.212,0.228,-0.016000000000000014,0.38,0.402,-0.02200000000000002,0.29,0.312,-0.02200000000000002,"3.62","4.08","-0.456"
"Alexander, Tyler","641302","2026","206","149",0.267,0.244,0.02300000000000002,0.348,0.346,0.0020000000000000018,0.301,0.289,0.01200000000000001,"3.35","3.46","-0.108"
"Mayza, Tim","641835","2026","205","141",0.237,0.236,0.0010000000000000009,0.384,0.37,0.014000000000000012,0.29,0.284,0.006000000000000005,"3.73","3.33","0.4"
"Moll, Sam","594580","2026","204","124",0.229,0.225,0.0040000000000000036,0.349,0.356,-0.007000000000000006,0.314,0.325,-0.01100000000000001,"4.17","4.46","-0.291"
"Rodriguez, Bradgley","699134","2026","204","136",0.216,0.191,0.024999999999999994,0.33,0.276,0.05399999999999999,0.268,0.237,0.031000000000000028,"2.39","2.31","0.078"
"Rogers, Tyler","643511","2026","203","161",0.215,0.232,-0.017000000000000015,0.258,0.295,-0.03699999999999998,0.231,0.253,-0.021999999999999992,"1.62","2.63","-1.01"
"Bednar, David","670280","2026","202","127",0.197,0.208,-0.010999999999999982,0.29,0.292,-0.0020000000000000018,0.248,0.256,-0.008000000000000007,"2.54","2.69","-0.153"
"Lange, Alex","656638","2026","202","125",0.257,0.242,0.015000000000000013,0.421,0.41,0.01100000000000001,0.35,0.34,0.009999999999999953,"6.25","4.94","1.306"
"Festa, Matt","670036","2026","202","134",0.269,0.246,0.02300000000000002,0.44,0.404,0.035999999999999976,0.337,0.316,0.02100000000000002,"4.37","4.19","0.178"
"Ferrer, José A.","678606","2026","201","146",0.269,0.231,0.038000000000000006,0.39,0.362,0.028000000000000025,0.319,0.29,0.029000000000000026,"3.35","3.48","-0.13"
"Farris, Mitch","815083","2026","200","130",0.277,0.273,0.0040000000000000036,0.492,0.458,0.033999999999999975,0.369,0.354,0.015000000000000013,"4.27","5.42","-1.147"
"Finnegan, Kyle","640448","2026","200","136",0.275,0.249,0.026000000000000023,0.462,0.429,0.03300000000000003,0.369,0.347,0.02200000000000002,"3.50","5.17","-1.674"
"Hudson, Bryan","663542","2026","198","132",0.253,0.233,0.01999999999999999,0.325,0.322,0.0030000000000000027,0.289,0.284,0.0050000000000000044,"2.89","3.33","-0.437"
"Soto, Gregory","642397","2026","198","116",0.176,0.193,-0.017000000000000015,0.306,0.297,0.009000000000000008,0.267,0.272,-0.0050000000000000044,"3.59","3.05","0.537"
"Myers, Tobias","668964","2026","198","152",0.279,0.277,0.0020000000000000018,0.519,0.439,0.08000000000000002,0.359,0.332,0.02699999999999997,"6.26","4.68","1.581"
"Gusto, Ryan","687473","2026","198","144",0.264,0.269,-0.0050000000000000044,0.418,0.418,0,0.322,0.324,-0.0020000000000000018,"4.80","4.43","0.37"
"Bachman, Sam","696147","2026","198","122",0.202,0.213,-0.010999999999999982,0.351,0.318,0.032999999999999974,0.305,0.298,0.007000000000000006,"4.14","3.69","0.449"
"Kilian, Caleb","668873","2026","197","120",0.233,0.211,0.02200000000000002,0.331,0.34,-0.009000000000000008,0.288,0.28,0.007999999999999952,"4.17","3.24","0.929"
"Sulser, Cole","642121","2026","197","135",0.261,0.253,0.008000000000000007,0.433,0.461,-0.028000000000000025,0.319,0.325,-0.006000000000000005,"4.86","4.46","0.396"
"Nunez, Anthony","689296","2026","196","126",0.226,0.233,-0.007000000000000006,0.381,0.398,-0.017000000000000015,0.309,0.317,-0.008000000000000007,"4.60","4.22","0.38"
"McCullers Jr., Lance","621121","2026","195","118",0.247,0.236,0.01100000000000001,0.458,0.378,0.08000000000000002,0.359,0.328,0.030999999999999972,"6.54","4.55","1.995"
"Kelly, Kevin","687330","2026","194","140",0.194,0.265,-0.07100000000000001,0.294,0.378,-0.08400000000000002,0.236,0.299,-0.063,"2.08","3.72","-1.643"
"Fuentes, Didier","800311","2026","194","118",0.218,0.22,-0.0020000000000000018,0.293,0.326,-0.03300000000000003,0.259,0.272,-0.013000000000000012,"2.49","3.05","-0.561"
"Montgomery, Mason","682254","2026","194","101",0.198,0.193,0.0050000000000000044,0.326,0.307,0.019000000000000017,0.27,0.262,0.008000000000000007,"3.72","2.82","0.897"
"Fluharty, Mason","689254","2026","194","122",0.253,0.197,0.055999999999999994,0.388,0.333,0.05499999999999999,0.319,0.274,0.044999999999999984,"4.23","3.10","1.131"
"Rodón, Carlos","607074","2026","194","115",0.195,0.212,-0.016999999999999987,0.305,0.324,-0.019000000000000017,0.28,0.296,-0.01599999999999996,"3.30","3.64","-0.338"
"Richards, Trevor","670950","2026","193","131",0.211,0.219,-0.008000000000000007,0.389,0.376,0.013000000000000012,0.283,0.281,0.0019999999999999463,"3.40","3.26","0.139"
"Stanek, Ryne","592773","2026","193","119",0.241,0.226,0.014999999999999986,0.428,0.392,0.035999999999999976,0.34,0.319,0.02100000000000002,"4.74","4.28","0.46"
"Clarke, Taylor","664199","2026","193","154",0.186,0.242,-0.055999999999999994,0.294,0.406,-0.11200000000000004,0.232,0.303,-0.07099999999999998,"2.12","3.83","-1.712"
"Henderson, Logan","701656","2026","192","119",0.193,0.201,-0.008000000000000007,0.359,0.325,0.033999999999999975,0.262,0.252,0.010000000000000009,"2.70","2.61","0.09"
"Erceg, Lucas","668674","2026","192","133",0.302,0.26,0.04199999999999998,0.465,0.359,0.10600000000000004,0.386,0.336,0.04999999999999999,"6.37","4.81","1.556"
"Suárez, Albert","544150","2026","192","143",0.256,0.256,0,0.448,0.426,0.02200000000000002,0.331,0.331,0,"4.20","4.65","-0.45"
"O'Brien, Riley","676617","2026","192","117",0.217,0.237,-0.01999999999999999,0.292,0.37,-0.07800000000000001,0.288,0.325,-0.03700000000000003,"3.42","4.46","-1.035"
"Lee, Dylan","669276","2026","192","118",0.156,0.185,-0.028999999999999998,0.263,0.298,-0.034999999999999976,0.204,0.236,-0.032,"2.08","2.29","-0.213"
"Bernardino, Brennan","657514","2026","192","142",0.24,0.254,-0.014000000000000012,0.339,0.365,-0.025999999999999968,0.282,0.297,-0.015000000000000013,"2.54","3.67","-1.127"
"Anderson, Grant","681982","2026","191","131",0.211,0.211,0,0.427,0.343,0.08399999999999996,0.306,0.278,0.02799999999999997,"3.70","3.19","0.509"
"Yarbrough, Ryan","642232","2026","190","138",0.229,0.226,0.0030000000000000027,0.355,0.32,0.034999999999999976,0.301,0.287,0.014000000000000012,"3.68","3.41","0.272"
"Alvarado, José","621237","2026","189","114",0.277,0.229,0.048000000000000015,0.428,0.349,0.07900000000000001,0.346,0.297,0.04899999999999999,"5.71","3.67","2.037"
"Klein, Will","694361","2026","189","116",0.267,0.235,0.03200000000000003,0.345,0.302,0.04299999999999998,0.318,0.288,0.030000000000000027,"3.67","3.43","0.242"
"Kerkering, Orion","689147","2026","189","112",0.184,0.185,-0.0010000000000000009,0.316,0.294,0.02200000000000002,0.285,0.278,0.006999999999999951,"3.35","3.19","0.159"
"Dollander, Chase","801403","2026","189","121",0.238,0.217,0.02099999999999999,0.409,0.387,0.021999999999999964,0.32,0.307,0.013000000000000012,"3.89","3.94","-0.054"
"Ginkel, Kevin","656464","2026","189","133",0.233,0.238,-0.004999999999999977,0.372,0.39,-0.018000000000000016,0.284,0.3,-0.016000000000000014,"3.04","3.75","-0.708"
"Orze, Eric","679358","2026","189","130",0.264,0.252,0.01200000000000001,0.377,0.366,0.01100000000000001,0.318,0.312,0.006000000000000005,"5.66","4.08","1.581"
"Gray, Peyton","682608","2026","189","127",0.235,0.232,0.002999999999999975,0.382,0.337,0.044999999999999984,0.293,0.278,0.014999999999999958,"3.50","3.19","0.314"
"Latz, Jacob","656641","2026","188","124",0.138,0.191,-0.05299999999999999,0.241,0.313,-0.07200000000000001,0.189,0.245,-0.055999999999999994,"1.94","2.47","-0.529"
"Rogers, Taylor","573124","2026","188","132",0.298,0.251,0.046999999999999986,0.429,0.372,0.056999999999999995,0.351,0.317,0.033999999999999975,"5.09","4.22","0.87"
"Garcia, Rico","670329","2026","187","121",0.165,0.213,-0.04799999999999999,0.359,0.369,-0.010000000000000009,0.257,0.282,-0.024999999999999967,"2.98","3.29","-0.311"
"Romero, JoJo","668941","2026","186","123",0.244,0.262,-0.018000000000000016,0.384,0.433,-0.04899999999999999,0.313,0.337,-0.02400000000000002,"3.35","4.84","-1.491"
"Santana, Dennis","642701","2026","186","126",0.259,0.264,-0.0050000000000000044,0.488,0.457,0.030999999999999972,0.361,0.351,0.010000000000000009,"6.05","5.31","0.738"
"Thompson, Ryan","657044","2026","186","141",0.304,0.275,0.02899999999999997,0.435,0.38,0.05499999999999999,0.345,0.311,0.033999999999999975,"4.43","4.05","0.376"
"Petersen, Michael","656848","2026","185","110",0.183,0.191,-0.008000000000000007,0.317,0.362,-0.044999999999999984,0.266,0.285,-0.01899999999999996,"3.13","3.36","-0.23"
"Doval, Camilo","666808","2026","185","124",0.245,0.218,0.026999999999999996,0.415,0.344,0.07100000000000001,0.317,0.291,0.026000000000000023,"4.54","3.51","1.026"
"Weissert, Greg","669711","2026","185","128",0.238,0.226,0.011999999999999983,0.393,0.359,0.03400000000000003,0.302,0.287,0.015000000000000013,"3.86","3.41","0.447"
"Silseth, Chase","681217","2026","184","108",0.232,0.221,0.01100000000000001,0.361,0.365,-0.0040000000000000036,0.311,0.307,0.0040000000000000036,"3.05","3.94","-0.892"
"Morillo, Juan","666661","2026","184","111",0.185,0.173,0.01200000000000001,0.272,0.249,0.02300000000000002,0.241,0.232,0.00899999999999998,"2.54","2.22","0.323"
"Sterner, Justin","686993","2026","184","131",0.274,0.225,0.049000000000000016,0.524,0.399,0.125,0.359,0.292,0.067,"6.12","3.54","2.577"
"Lynch IV, Daniel","663738","2026","183","134",0.185,0.235,-0.04999999999999999,0.292,0.356,-0.064,0.241,0.287,-0.045999999999999985,"1.96","3.41","-1.453"
"Quintana, Jose","500779","2026","181","143",0.288,0.275,0.012999999999999956,0.5,0.441,0.059,0.363,0.343,0.019999999999999962,"5.27","5.04","0.228"
"Pérez, Cionel","672335","2026","181","124",0.267,0.265,0.0020000000000000018,0.418,0.47,-0.05199999999999999,0.331,0.346,-0.014999999999999958,"4.97","5.14","-0.172"
"Morán, Jovani","663558","2026","181","111",0.171,0.202,-0.031,0.335,0.345,-0.009999999999999953,0.263,0.28,-0.017000000000000015,"2.80","3.24","-0.44"
"Loáisiga, Jonathan","642528","2026","180","136",0.239,0.236,0.0030000000000000027,0.337,0.355,-0.01799999999999996,0.271,0.283,-0.011999999999999955,"2.80","3.31","-0.51"
"Dreyer, Jack","676263","2026","180","113",0.195,0.226,-0.031,0.335,0.373,-0.03799999999999998,0.259,0.286,-0.02699999999999997,"2.96","3.38","-0.424"
"Miller, Mason","695243","2026","179","74",0.137,0.125,0.01200000000000001,0.149,0.168,-0.019000000000000017,0.177,0.178,-0.0010000000000000009,"0.76","1.35","-0.589"
"Rolison, Ryan","669020","2026","179","113",0.229,0.233,-0.0040000000000000036,0.331,0.352,-0.020999999999999963,0.293,0.303,-0.010000000000000009,"2.40","3.83","-1.43"
"Henriquez, Edgardo","683618","2026","179","108",0.179,0.182,-0.0030000000000000027,0.252,0.253,-0.0010000000000000009,0.262,0.263,-0.0010000000000000009,"3.27","2.85","0.423"
"Parker, Mitchell","680730","2026","178","129",0.289,0.272,0.01699999999999996,0.503,0.462,0.04099999999999998,0.37,0.347,0.02300000000000002,"6.58","5.17","1.41"
"Uribe, Abner","682842","2026","178","115",0.2,0.221,-0.02099999999999999,0.269,0.289,-0.019999999999999962,0.244,0.26,-0.016000000000000014,"2.18","2.78","-0.596"
"Hart, Kyle","606996","2026","177","123",0.21,0.213,-0.0030000000000000027,0.363,0.352,0.01100000000000001,0.284,0.282,0.0020000000000000018,"4.53","3.29","1.244"
"Lawrence, Justin","664875","2026","177","100",0.275,0.267,0.008000000000000007,0.549,0.454,0.09500000000000003,0.413,0.38,0.032999999999999974,"7.34","6.41","0.93"
"Matsui, Yuki","673513","2026","176","102",0.181,0.17,0.010999999999999982,0.333,0.323,0.010000000000000009,0.282,0.282,0,"2.30","3.29","-0.988"
"Hill, Tim","657612","2026","175","140",0.253,0.262,-0.009000000000000008,0.43,0.434,-0.0040000000000000036,0.323,0.328,-0.0050000000000000044,"4.50","4.55","-0.05"
"Abreu, Bryan","650556","2026","174","91",0.207,0.205,0.0020000000000000018,0.4,0.35,0.050000000000000044,0.34,0.323,0.017000000000000015,"4.54","4.40","0.138"
"Woodruff, Brandon","605540","2026","174","116",0.174,0.2,-0.026000000000000023,0.304,0.358,-0.05399999999999999,0.231,0.263,-0.032,"2.98","2.85","0.128"
"Schreiber, John","670167","2026","174","124",0.257,0.27,-0.013000000000000012,0.441,0.449,-0.008000000000000007,0.333,0.34,-0.007000000000000006,"3.67","4.94","-1.268"
"Scott, Tanner","656945","2026","173","105",0.198,0.236,-0.03799999999999998,0.315,0.356,-0.04099999999999998,0.24,0.272,-0.03200000000000003,"2.38","3.05","-0.668"
"Nance, Tommy","667297","2026","173","113",0.23,0.249,-0.01899999999999999,0.349,0.395,-0.04600000000000004,0.292,0.315,-0.02300000000000002,"3.54","4.16","-0.619"
"Muñoz, Andrés","662253","2026","173","92",0.221,0.211,0.010000000000000009,0.344,0.333,0.010999999999999954,0.29,0.285,0.0050000000000000044,"3.98","3.36","0.624"
"Domínguez, Seranthony","622554","2026","172","98",0.222,0.233,-0.01100000000000001,0.417,0.416,0.0010000000000000009,0.334,0.341,-0.007000000000000006,"4.89","4.97","-0.082"
"Williams, Devin","642207","2026","172","101",0.267,0.214,0.05300000000000002,0.387,0.305,0.08200000000000002,0.329,0.277,0.05199999999999999,"4.30","3.17","1.131"
"Cruz, Steven","674444","2026","171","106",0.224,0.227,-0.0030000000000000027,0.467,0.394,0.07300000000000001,0.331,0.306,0.025000000000000022,"4.39","3.91","0.48"
"Holderman, Colin","670059","2026","170","109",0.147,0.2,-0.05300000000000002,0.187,0.318,-0.131,0.205,0.273,-0.06800000000000003,"1.65","3.07","-1.421"
"Raley, Brooks","548384","2026","170","112",0.204,0.216,-0.01200000000000001,0.313,0.331,-0.018000000000000016,0.267,0.286,-0.01899999999999996,"1.96","3.38","-1.42"
"Baker, Bryan","641329","2026","170","106",0.144,0.188,-0.04400000000000001,0.229,0.281,-0.05200000000000002,0.21,0.251,-0.04100000000000001,"1.42","2.59","-1.169"
"Weaver, Luke","596133","2026","169","111",0.162,0.202,-0.04000000000000001,0.247,0.338,-0.09100000000000003,0.213,0.263,-0.05000000000000002,"1.84","2.85","-1.009"
"Bieber, Shane","669456","2026","169","121",0.284,0.308,-0.02400000000000002,0.486,0.553,-0.06700000000000006,0.371,0.404,-0.03300000000000003,"5.11","7.45","-2.342"
"King, John","667463","2026","169","121",0.159,0.216,-0.056999999999999995,0.298,0.38,-0.08200000000000002,0.238,0.294,-0.055999999999999994,"2.60","3.59","-0.99"
"Vodnik, Victor","680767","2026","169","120",0.299,0.26,0.03899999999999998,0.438,0.393,0.044999999999999984,0.36,0.33,0.02999999999999997,"5.35","4.61","0.741"
"Dobbins, Hunter","690928","2026","169","118",0.247,0.236,0.01100000000000001,0.416,0.367,0.04899999999999999,0.32,0.297,0.02300000000000002,"3.60","3.67","-0.07"
"Megill, Trevor","656730","2026","168","106",0.183,0.205,-0.021999999999999992,0.229,0.319,-0.09,0.213,0.256,-0.04300000000000001,"2.76","2.69","0.074"
"Winn, Cole","668390","2026","166","117",0.276,0.282,-0.00599999999999995,0.487,0.473,0.014000000000000012,0.348,0.349,-0.0010000000000000009,"6.27","5.24","1.028"
"Strider, Spencer","675911","2026","165","98",0.232,0.188,0.04400000000000001,0.5,0.359,0.14100000000000001,0.354,0.29,0.064,"5.31","3.48","1.828"
"Scholtens, Jesse","669947","2026","164","120",0.248,0.271,-0.02300000000000002,0.477,0.466,0.010999999999999954,0.337,0.346,-0.008999999999999952,"3.82","5.14","-1.317"
"Iglesias, Raisel","628452","2026","164","109",0.229,0.217,0.01200000000000001,0.346,0.339,0.006999999999999951,0.278,0.269,0.009000000000000008,"2.63","2.98","-0.346"
"Gaddis, Hunter","683769","2026","164","113",0.255,0.269,-0.014000000000000012,0.379,0.423,-0.043999999999999984,0.315,0.335,-0.020000000000000018,"3.68","4.77","-1.088"
"Junis, Jakob","596001","2026","164","124",0.234,0.264,-0.03,0.305,0.381,-0.07600000000000001,0.261,0.302,-0.04099999999999998,"2.70","3.80","-1.1"
"Vesia, Alex","681911","2026","163","85",0.152,0.182,-0.03,0.239,0.297,-0.057999999999999996,0.241,0.273,-0.03200000000000003,"3.03","3.07","-0.044"
"Sewald, Paul","623149","2026","162","107",0.23,0.229,0.0010000000000000009,0.534,0.507,0.027000000000000024,0.342,0.332,0.010000000000000009,"6.28","4.68","1.604"
"Strahm, Matt","621381","2026","161","115",0.269,0.225,0.04400000000000001,0.572,0.428,0.14399999999999996,0.388,0.316,0.07200000000000001,"7.32","4.19","3.128"
"Gibson, Trey","694346","2026","161","105",0.284,0.291,-0.007000000000000006,0.478,0.487,-0.009000000000000008,0.385,0.391,-0.006000000000000005,"7.36","6.87","0.494"
"Herrin, Tim","682120","2026","158","104",0.238,0.22,0.017999999999999988,0.405,0.38,0.025000000000000022,0.325,0.324,0.0010000000000000009,"3.75","4.43","-0.68"
"Chapman, Aroldis","547973","2026","158","90",0.201,0.185,0.016000000000000014,0.295,0.292,0.0030000000000000027,0.27,0.261,0.009000000000000008,"1.67","2.80","-1.127"
"Kinley, Tyler","641755","2026","158","103",0.227,0.204,0.02300000000000002,0.44,0.365,0.07500000000000001,0.323,0.285,0.038000000000000034,"4.23","3.36","0.866"
"Winn, Keaton","676775","2026","158","110",0.214,0.239,-0.024999999999999994,0.307,0.348,-0.04099999999999998,0.275,0.299,-0.023999999999999966,"3.03","3.72","-0.694"
"Englert, Mason","669438","2026","157","116",0.297,0.28,0.01699999999999996,0.552,0.549,0.0030000000000000027,0.37,0.365,0.0050000000000000044,"4.54","5.82","-1.278"
"Warren, Austin","681810","2026","157","99",0.252,0.261,-0.009000000000000008,0.444,0.435,0.009000000000000008,0.349,0.35,-0.0010000000000000009,"4.63","5.27","-0.641"
"Kuhnel, Joel","669270","2026","157","119",0.288,0.297,-0.009000000000000008,0.468,0.441,0.027000000000000024,0.357,0.355,0.0020000000000000018,"4.84","5.45","-0.61"
"Mattson, Isaac","676755","2026","156","106",0.275,0.292,-0.01699999999999996,0.428,0.506,-0.07800000000000001,0.344,0.376,-0.03200000000000003,"4.93","6.24","-1.307"
"Whitlock, Garrett","676477","2026","156","106",0.197,0.227,-0.03,0.293,0.329,-0.03600000000000003,0.232,0.26,-0.027999999999999997,"1.98","2.78","-0.804"
"Fermin, José","820862","2026","156","92",0.194,0.233,-0.03900000000000001,0.328,0.385,-0.056999999999999995,0.289,0.324,-0.03500000000000003,"2.73","4.43","-1.705"
"Fairbanks, Pete","664126","2026","156","90",0.235,0.221,0.013999999999999985,0.471,0.455,0.01599999999999996,0.344,0.333,0.010999999999999954,"6.37","4.71","1.658"
"Banda, Anthony","607455","2026","156","100",0.235,0.234,0.0009999999999999731,0.402,0.375,0.027000000000000024,0.334,0.325,0.009000000000000008,"4.46","4.46","-0.004"
"Paredes, Mike","702474","2026","154","118",0.269,0.279,-0.010000000000000009,0.47,0.446,0.023999999999999966,0.352,0.349,0.0030000000000000027,"4.72","5.24","-0.522"
"Bowlan, Jonathan","680742","2026","154","95",0.213,0.197,0.015999999999999986,0.326,0.304,0.02200000000000002,0.263,0.252,0.01100000000000001,"3.03","2.61","0.416"
"Schultz, Paxton","687606","2026","153","107",0.314,0.275,0.03899999999999998,0.489,0.453,0.035999999999999976,0.371,0.342,0.02899999999999997,"6.40","5.00","1.402"
"Kremer, Dean","665152","2026","153","104",0.271,0.256,0.015000000000000013,0.593,0.483,0.10999999999999999,0.383,0.34,0.04299999999999998,"6.50","4.94","1.56"
"Barlow, Scott","605130","2026","153","97",0.21,0.236,-0.025999999999999995,0.435,0.448,-0.013000000000000012,0.341,0.358,-0.01699999999999996,"6.48","5.56","0.92"
"Poulin, PJ","676571","2026","153","106",0.206,0.256,-0.05000000000000002,0.351,0.441,-0.09000000000000002,0.302,0.353,-0.05099999999999999,"2.70","5.38","-2.68"
"Sisk, Evan","681895","2026","152","90",0.231,0.192,0.03900000000000001,0.338,0.279,0.059,0.303,0.265,0.03799999999999998,"2.23","2.89","-0.661"
"Cano, Yennier","666974","2026","152","110",0.196,0.215,-0.01899999999999999,0.259,0.332,-0.07300000000000001,0.223,0.265,-0.04200000000000001,"2.10","2.89","-0.795"
"Ragans, Cole","666142","2026","151","83",0.213,0.218,-0.0050000000000000044,0.488,0.452,0.035999999999999976,0.354,0.344,0.010000000000000009,"4.84","5.07","-0.23"
"Varland, Gus","681402","2026","151","106",0.326,0.303,0.02300000000000002,0.591,0.579,0.01200000000000001,0.411,0.4,0.010999999999999954,"6.82","7.27","-0.449"
"Hurt, Kyle","669165","2026","151","88",0.223,0.216,0.007000000000000006,0.346,0.353,-0.007000000000000006,0.303,0.301,0.0020000000000000018,"4.58","3.77","0.815"
"Aldegheri, Sam","691951","2026","151","111",0.238,0.271,-0.03300000000000003,0.4,0.45,-0.04999999999999999,0.319,0.355,-0.035999999999999976,"5.08","5.45","-0.371"
"Eisert, Brandon","685126","2026","150","98",0.265,0.229,0.036000000000000004,0.478,0.37,0.10799999999999998,0.347,0.291,0.055999999999999994,"6.29","3.51","2.781"
"Milner, Hoby","571948","2026","149","119",0.256,0.296,-0.03999999999999998,0.398,0.45,-0.05199999999999999,0.31,0.351,-0.04099999999999998,"3.53","5.31","-1.777"
"Glasnow, Tyler","607192","2026","148","86",0.149,0.18,-0.031,0.313,0.324,-0.01100000000000001,0.235,0.252,-0.017000000000000015,"2.72","2.61","0.113"
"Antone, Tejay","622088","2026","148","101",0.189,0.216,-0.026999999999999996,0.341,0.36,-0.01899999999999996,0.266,0.286,-0.019999999999999962,"2.29","3.38","-1.088"
"Duran, Jhoan","661395","2026","148","84",0.216,0.197,0.01899999999999999,0.259,0.262,-0.0030000000000000027,0.239,0.231,0.00799999999999998,"1.93","2.20","-0.271"
"Kittredge, Andrew","552640","2026","148","108",0.281,0.261,0.020000000000000018,0.444,0.4,0.043999999999999984,0.334,0.307,0.027000000000000024,"4.17","3.94","0.235"
"Waldron, Matt","663362","2026","147","109",0.319,0.24,0.07900000000000001,0.556,0.403,0.15300000000000002,0.393,0.306,0.08700000000000002,"7.16","3.91","3.253"
"Adams, Travis","701519","2026","147","92",0.248,0.232,0.015999999999999986,0.426,0.392,0.033999999999999975,0.336,0.316,0.020000000000000018,"5.67","4.19","1.48"
"Shugart, Chase","663767","2026","147","87",0.242,0.23,0.011999999999999983,0.477,0.42,0.056999999999999995,0.344,0.322,0.021999999999999964,"4.93","4.37","0.563"
"Wolfram, Grant","664991","2026","147","96",0.256,0.228,0.027999999999999997,0.388,0.335,0.05299999999999999,0.316,0.286,0.030000000000000027,"4.59","3.38","1.21"
"Armstrong, Shawn","542888","2026","146","92",0.236,0.209,0.026999999999999996,0.382,0.362,0.020000000000000018,0.324,0.308,0.016000000000000014,"4.91","3.96","0.949"
"Banks, Tanner","621383","2026","146","101",0.344,0.262,0.08199999999999996,0.595,0.419,0.176,0.423,0.323,0.09999999999999998,"7.14","4.40","2.738"
"Lovelady, Richard","663992","2026","146","95",0.286,0.282,0.0040000000000000036,0.445,0.423,0.02200000000000002,0.371,0.361,0.010000000000000009,"3.86","5.67","-1.813"
"De Jesus, Enmanuel","646241","2026","145","97",0.223,0.236,-0.012999999999999984,0.308,0.369,-0.061,0.272,0.299,-0.02699999999999997,"3.63","3.72","-0.085"
"Kimbrel, Craig","518886","2026","144","94",0.234,0.248,-0.013999999999999985,0.419,0.395,0.023999999999999966,0.327,0.325,0.0020000000000000018,"4.81","4.46","0.352"
"Leiter Jr., Mark","643410","2026","144","91",0.258,0.269,-0.01100000000000001,0.344,0.365,-0.02100000000000002,0.304,0.316,-0.01200000000000001,"4.28","4.19","0.087"
"Herget, Jimmy","623474","2026","143","93",0.311,0.241,0.07,0.563,0.428,0.13499999999999995,0.399,0.33,0.069,"6.82","4.61","2.214"
"Funderburk, Kody","681892","2026","143","96",0.178,0.225,-0.047000000000000014,0.237,0.328,-0.09100000000000003,0.261,0.309,-0.04799999999999999,"3.18","3.99","-0.814"
"Sears, JP","676664","2026","143","104",0.258,0.263,-0.0050000000000000044,0.422,0.441,-0.019000000000000017,0.328,0.345,-0.01699999999999996,"4.68","5.10","-0.416"
"Miller, Erik","669062","2026","143","73",0.197,0.179,0.018000000000000016,0.291,0.285,0.006000000000000005,0.286,0.277,0.008999999999999952,"2.73","3.17","-0.443"
"Kikuchi, Yusei","579328","2026","142","94",0.282,0.258,0.023999999999999966,0.444,0.446,-0.0020000000000000018,0.346,0.34,0.00599999999999995,"5.81","4.94","0.866"
"Johnson, Pierce","572955","2026","142","100",0.254,0.281,-0.027000000000000024,0.46,0.513,-0.05299999999999999,0.336,0.367,-0.030999999999999972,"4.96","5.89","-0.931"
"Hicks, Jordan","663855","2026","140","80",0.209,0.206,0.0030000000000000027,0.278,0.261,0.017000000000000015,0.28,0.273,0.007000000000000006,"3.09","3.07","0.024"